Effective Date,SOFR,Vasicek_Delta,Vasicek_SOFR_t-1,SOFR_t+1,EFFR,FFF,inflation exp,unemployment,,,,,
04/03/2018,1.83,0.03,1.8,1.74,1.69,98.32,1.99,4.1,,,,,
04/04/2018,1.74,-0.09,1.83,1.75,1.69,98.3175,2.04,4.1,,,,,
04/05/2018,1.75,0.01,1.74,1.75,1.69,98.3175,1.93,4.1,,,,,
04/06/2018,1.75,0,1.75,1.75,1.69,98.3175,2.01,4,,,,,
04/09/2018,1.75,0,1.75,1.75,1.69,98.3175,2.02,4,,,,,
04/10/2018,1.75,0,1.75,1.76,1.69,98.315,2,4,,,,,
04/11/2018,1.76,0.01,1.75,1.73,1.69,98.315,2.06,4,,,,,
04/12/2018,1.73,-0.03,1.76,1.72,1.69,98.315,2.05,4,,,,,
04/13/2018,1.72,-0.01,1.73,1.77,1.69,98.315,2.01,4,,,,,
04/16/2018,1.77,0.05,1.72,1.76,1.69,98.315,2.08,4,,,,,
04/17/2018,1.76,-0.01,1.77,1.75,1.69,98.315,2.01,4,,,,,
04/18/2018,1.75,-0.01,1.76,1.73,1.69,98.3125,2.04,4,,,,,
04/19/2018,1.73,-0.02,1.75,1.72,1.69,98.3125,2.12,4,,,,,
04/20/2018,1.72,-0.01,1.73,1.7,1.7,98.3125,2.1,4,,,,,
04/23/2018,1.7,-0.02,1.72,1.71,1.7,98.31,2.11,4,,,,,
04/24/2018,1.71,0.01,1.7,1.71,1.7,98.31,2.1,4,,,,,
04/25/2018,1.71,0,1.71,1.72,1.7,98.31,2.09,4,,,,,
04/26/2018,1.72,0.01,1.71,1.72,1.7,98.31,2.1,4,,,,,
04/27/2018,1.72,0,1.72,1.77,1.7,98.31,2.09,4,,,,,
04/30/2018,1.77,0.05,1.72,1.76,1.69,98.3075,2.1,4,,,,,
05/01/2018,1.76,-0.01,1.77,1.75,1.7,98.06,2.09,4,,,,,
05/02/2018,1.75,-0.01,1.76,1.74,1.7,98.06,2.09,4,,,,,
05/03/2018,1.74,-0.01,1.75,1.72,1.7,98.07,2.09,4,,,,,
05/04/2018,1.72,-0.02,1.74,1.71,1.7,98.06,2.09,4,,,,,
05/07/2018,1.71,-0.01,1.72,1.72,1.7,98.065,2.11,4,,,,,
05/08/2018,1.72,0.01,1.71,1.72,1.7,98.06,2.1,4,,,,,
05/09/2018,1.72,0,1.72,1.73,1.7,98.055,2.13,4,,,,,
05/10/2018,1.73,0.01,1.72,1.73,1.7,98.055,2.12,4,,,,,
05/11/2018,1.73,0,1.73,1.75,1.7,98.06,2.13,4,,,,,
05/14/2018,1.75,0.02,1.73,1.79,1.7,98.055,2.12,4,,,,,
05/15/2018,1.79,0.04,1.75,1.75,1.7,98.05,2.15,4,,,,,
05/16/2018,1.75,-0.04,1.79,1.74,1.7,98.055,2.16,4,,,,,
05/17/2018,1.74,-0.01,1.75,1.73,1.7,98.055,2.16,4,,,,,
05/18/2018,1.73,-0.01,1.74,1.69,1.7,98.055,2.14,4,,,,,
05/21/2018,1.69,-0.04,1.73,1.65,1.7,98.05,2.15,4,,,,,
05/22/2018,1.65,-0.04,1.69,1.67,1.7,98.05,2.13,4,,,,,
05/23/2018,1.67,0.02,1.65,1.74,1.7,98.085,2.12,4,,,,,
05/24/2018,1.74,0.07,1.67,1.73,1.7,98.085,2.11,4,,,,,
05/25/2018,1.73,-0.01,1.74,1.72,1.7,98.085,2.04,4,,,,,
05/29/2018,1.72,-0.01,1.73,1.72,1.7,98.125,1.98,4,,,,,
05/30/2018,1.72,0,1.72,1.81,1.7,98.1,2,4,,,,,
05/31/2018,1.81,0.09,1.72,1.81,1.7,98.095,2.03,4,,,,,
06/01/2018,1.81,0,1.81,1.8,1.7,98.085,2.06,3.8,,,,,
06/04/2018,1.8,-0.01,1.81,1.75,1.7,98.08,2.06,3.8,,,,,
06/05/2018,1.75,-0.05,1.8,1.73,1.7,98.08,2.05,3.8,,,,,
06/06/2018,1.73,-0.02,1.75,1.71,1.7,98.085,2.06,3.8,,,,,
06/07/2018,1.71,-0.02,1.73,1.69,1.7,98.085,2.08,3.8,,,,,
06/08/2018,1.69,-0.02,1.71,1.69,1.7,98.09,2.06,3.8,,,,,
06/11/2018,1.69,0,1.69,1.67,1.7,98.085,2.08,3.8,,,,,
06/12/2018,1.67,-0.02,1.69,1.71,1.7,98.085,2.07,3.8,,,,,
06/13/2018,1.71,0.04,1.67,1.9,1.7,98.09,2.09,3.8,,,,,
06/14/2018,1.9,0.19,1.71,1.91,1.9,98.085,2.07,3.8,,,,,
06/15/2018,1.91,0.01,1.9,1.9,1.9,98.09,2.08,3.8,,,,,
06/18/2018,1.9,-0.01,1.91,1.88,1.9,98.09,2.08,3.8,,,,,
06/19/2018,1.88,-0.02,1.9,1.87,1.91,98.09,2.07,3.8,,,,,
06/20/2018,1.87,-0.01,1.88,1.87,1.92,98.075,2.06,3.8,,,,,
06/21/2018,1.87,0,1.87,1.92,1.92,98.07,2.05,3.8,,,,,
06/22/2018,1.92,0.05,1.87,1.91,1.92,98.065,2.07,3.8,,,,,
06/25/2018,1.91,-0.01,1.92,1.9,1.92,98.07,2.06,3.8,,,,,
06/26/2018,1.9,-0.01,1.91,1.9,1.92,98.075,2.07,3.8,,,,,
06/27/2018,1.9,0,1.9,1.93,1.91,98.075,2.07,3.8,,,,,
06/28/2018,1.93,0.03,1.9,2.12,1.91,98.08,2.07,3.8,,,,,
06/29/2018,2.12,0.19,1.93,2.04,1.91,98.08,2.06,3.8,,,,,
07/02/2018,2.04,-0.08,2.12,2,1.91,98.08,2.07,3.8,,,,,
07/03/2018,2,-0.04,2.04,1.97,1.91,98.0825,2.08,3.8,,,,,
07/05/2018,1.97,-0.03,2,1.93,1.91,98.0825,2.1,3.8,,,,,
07/06/2018,1.93,-0.04,1.97,1.89,1.91,98.085,2.08,4,,,,,
07/09/2018,1.89,-0.04,1.93,1.89,1.91,98.09,2.1,4,,,,,
07/10/2018,1.89,0,1.89,1.89,1.91,98.0875,2.09,4,,,,,
07/11/2018,1.89,0,1.89,1.9,1.91,98.0875,2.07,4,,,,,
07/12/2018,1.9,0.01,1.89,1.9,1.91,98.0875,2.06,4,,,,,
07/13/2018,1.9,0,1.9,1.95,1.91,98.09,2.07,4,,,,,
07/16/2018,1.95,0.05,1.9,1.92,1.91,98.085,2.05,4,,,,,
07/17/2018,1.92,-0.03,1.95,1.9,1.91,98.085,2.03,4,,,,,
07/18/2018,1.9,-0.02,1.92,1.9,1.91,98.085,2.03,4,,,,,
07/19/2018,1.9,0,1.9,1.88,1.91,98.085,2.01,4,,,,,
07/20/2018,1.88,-0.02,1.9,1.87,1.91,98.09,2.02,4,,,,,
07/23/2018,1.87,-0.01,1.88,1.9,1.91,98.0875,2.01,4,,,,,
07/24/2018,1.9,0.03,1.87,1.87,1.91,97.855,2,4,,,,,
07/25/2018,1.87,-0.03,1.9,1.9,1.91,97.855,2.01,4,,,,,
07/26/2018,1.9,0.03,1.87,1.88,1.91,97.85,2,4,,,,,
07/27/2018,1.88,-0.02,1.9,1.88,1.91,97.855,2,4,,,,,
07/30/2018,1.88,0,1.88,1.93,1.91,97.85,2.01,4,,,,,
07/31/2018,1.93,0.05,1.88,1.88,1.91,97.85,2,4,,,,,
08/01/2018,1.88,-0.05,1.93,1.91,1.91,97.855,2,4,,,,,
08/02/2018,1.91,0.03,1.88,1.86,1.91,97.86,1.99,4,,,,,
08/03/2018,1.86,-0.05,1.91,1.86,1.91,97.86,2,3.8,,,,,
08/06/2018,1.86,0,1.86,1.87,1.91,97.86,1.98,3.8,,,,,
08/07/2018,1.87,0.01,1.86,1.88,1.91,97.855,2,3.8,,,,,
08/08/2018,1.88,0.01,1.87,1.91,1.91,97.855,1.98,3.8,,,,,
08/09/2018,1.91,0.03,1.88,1.9,1.91,97.855,1.97,3.8,,,,,
08/10/2018,1.9,-0.01,1.91,1.91,1.91,97.865,1.98,3.8,,,,,
08/13/2018,1.91,0.01,1.9,1.93,1.91,97.86,1.99,3.8,,,,,
08/14/2018,1.93,0.02,1.91,1.98,1.91,97.855,1.99,3.8,,,,,
08/15/2018,1.98,0.05,1.93,1.99,1.91,97.855,1.97,3.8,,,,,
08/16/2018,1.99,0.01,1.98,1.9,1.92,97.85,1.97,3.8,,,,,
08/17/2018,1.9,-0.09,1.99,1.9,1.92,97.855,1.96,3.8,,,,,
08/20/2018,1.9,0,1.9,1.9,1.92,97.86,1.95,3.8,,,,,
08/21/2018,1.9,0,1.9,1.9,1.92,97.855,1.97,3.8,,,,,
08/22/2018,1.9,0,1.9,1.94,1.92,97.85,1.96,3.8,,,,,
08/23/2018,1.94,0.04,1.9,1.95,1.92,97.845,1.99,3.8,,,,,
08/24/2018,1.95,0.01,1.94,1.95,1.92,97.845,1.99,3.8,,,,,
08/27/2018,1.95,0,1.95,1.95,1.92,97.84,2,3.8,,,,,
08/28/2018,1.95,0,1.95,1.93,1.92,97.84,1.99,3.8,,,,,
08/29/2018,1.93,-0.02,1.95,1.93,1.92,97.84,2,3.8,,,,,
08/30/2018,1.93,0,1.93,1.97,1.92,97.845,1.99,3.8,,,,,
08/31/2018,1.97,0.04,1.93,1.95,1.91,97.845,1.98,3.8,,,,,
09/04/2018,1.95,-0.02,1.97,1.95,1.92,97.845,1.99,3.8,,,,,
09/05/2018,1.95,0,1.95,1.94,1.92,97.84,1.98,3.8,,,,,
09/06/2018,1.94,-0.01,1.95,1.94,1.92,97.84,1.97,3.8,,,,,
09/07/2018,1.94,0,1.94,1.94,1.92,97.84,1.98,3.8,,,,,
09/10/2018,1.94,0,1.94,1.94,1.92,97.84,1.98,3.8,,,,,
09/11/2018,1.94,0,1.94,1.94,1.92,97.84,2.01,3.8,,,,,
09/12/2018,1.94,0,1.94,1.94,1.92,97.835,2.02,3.8,,,,,
09/13/2018,1.94,0,1.94,1.95,1.92,97.835,1.98,3.8,,,,,
09/14/2018,1.95,0.01,1.94,2,1.92,97.835,2,3.8,,,,,
09/17/2018,2,0.05,1.95,1.94,1.92,97.835,1.99,3.8,,,,,
09/18/2018,1.94,-0.06,2,1.92,1.92,97.83,2.01,3.8,,,,,
09/19/2018,1.92,-0.02,1.94,1.92,1.92,97.825,2.02,3.8,,,,,
09/20/2018,1.92,0,1.92,1.92,1.92,97.83,2.02,3.8,,,,,
09/21/2018,1.92,0,1.92,1.95,1.92,97.83,2.02,3.8,,,,,
09/24/2018,1.95,0.03,1.92,1.93,1.93,97.83,2.03,3.8,,,,,
09/25/2018,1.93,-0.02,1.95,1.92,1.93,97.825,2.05,3.8,,,,,
09/26/2018,1.92,-0.01,1.93,2.16,1.93,97.825,2.04,3.8,,,,,
09/27/2018,2.16,0.24,1.92,2.25,2.18,97.82,2.04,3.8,,,,,
09/28/2018,2.25,0.09,2.16,2.22,2.18,97.82,2.03,3.8,,,,,
10/01/2018,2.22,-0.03,2.25,2.2,2.18,97.8175,2.04,3.8,,,,,
10/02/2018,2.2,-0.02,2.22,2.2,2.18,97.8125,2.03,3.8,,,,,
10/03/2018,2.2,0,2.2,2.18,2.18,97.815,2.07,3.8,,,,,
10/04/2018,2.18,-0.02,2.2,2.16,2.18,97.815,2.06,3.8,,,,,
10/05/2018,2.16,-0.02,2.18,2.15,2.18,97.8125,2.05,3.7,,,,,
10/09/2018,2.15,-0.01,2.16,2.15,2.18,97.815,2.05,3.7,,,,,
10/10/2018,2.15,0,2.15,2.17,2.18,97.815,2.04,3.7,,,,,
10/11/2018,2.17,0.02,2.15,2.18,2.18,97.815,1.99,3.7,,,,,
10/12/2018,2.18,0.01,2.17,2.21,2.18,97.815,1.99,3.7,,,,,
10/15/2018,2.21,0.03,2.18,2.18,2.18,97.815,2,3.7,,,,,
10/16/2018,2.18,-0.03,2.21,2.18,2.18,97.8175,2.01,3.7,,,,,
10/17/2018,2.18,0,2.18,2.19,2.19,97.815,2,3.7,,,,,
10/18/2018,2.19,0.01,2.18,2.19,2.19,97.8125,1.99,3.7,,,,,
10/19/2018,2.19,0,2.19,2.18,2.19,97.8125,1.98,3.7,,,,,
10/22/2018,2.18,-0.01,2.19,2.17,2.19,97.8125,1.98,3.7,,,,,
10/23/2018,2.17,-0.01,2.18,2.18,2.2,97.815,1.94,3.7,,,,,
10/24/2018,2.18,0.01,2.17,2.19,2.2,97.62,1.93,3.7,,,,,
10/25/2018,2.19,0.01,2.18,2.19,2.2,97.62,1.91,3.7,,,,,
10/26/2018,2.19,0,2.19,2.18,2.2,97.63,1.93,3.7,,,,,
10/29/2018,2.18,-0.01,2.19,2.18,2.2,97.625,1.92,3.7,,,,,
10/30/2018,2.18,0,2.18,2.22,2.2,97.625,1.91,3.7,,,,,
10/31/2018,2.22,0.04,2.18,2.22,2.2,97.615,1.9,3.7,,,,,
11/01/2018,2.22,0,2.22,2.25,2.2,97.62,1.88,3.7,,,,,
11/02/2018,2.25,0.03,2.22,2.24,2.19,97.61,1.91,3.8,,,,,
11/05/2018,2.24,-0.01,2.25,2.22,2.2,97.615,1.91,3.8,,,,,
11/06/2018,2.22,-0.02,2.24,2.18,2.2,97.61,1.92,3.8,,,,,
11/07/2018,2.18,-0.04,2.22,2.21,2.2,97.6,1.93,3.8,,,,,
11/08/2018,2.21,0.03,2.18,2.2,2.2,97.6,1.92,3.8,,,,,
11/09/2018,2.2,-0.01,2.21,2.2,2.19,97.6,1.9,3.8,,,,,
11/13/2018,2.2,0,2.2,2.2,2.2,97.605,1.88,3.8,,,,,
11/14/2018,2.2,0,2.2,2.28,2.2,97.615,1.85,3.8,,,,,
11/15/2018,2.28,0.08,2.2,2.26,2.2,97.615,1.85,3.8,,,,,
11/16/2018,2.26,-0.02,2.28,2.24,2.2,97.62,1.88,3.8,,,,,
11/19/2018,2.24,-0.02,2.26,2.2,2.2,97.63,1.85,3.8,,,,,
11/20/2018,2.2,-0.04,2.24,2.18,2.2,97.615,1.82,3.8,,,,,
11/21/2018,2.18,-0.02,2.2,2.23,2.2,97.605,1.81,3.8,,,,,
11/23/2018,2.23,0.05,2.18,2.2,2.2,97.61,1.77,3.8,,,,,
11/26/2018,2.2,-0.03,2.23,2.19,2.2,97.6,1.78,3.8,,,,,
11/27/2018,2.19,-0.01,2.2,2.19,2.2,97.6,1.73,3.8,,,,,
11/28/2018,2.19,0,2.19,2.24,2.2,97.595,1.74,3.8,,,,,
11/29/2018,2.24,0.05,2.19,2.28,2.2,97.6,1.79,3.8,,,,,
11/30/2018,2.28,0.04,2.24,2.23,2.2,97.605,1.77,3.8,,,,,
12/03/2018,2.23,-0.05,2.28,2.27,2.19,97.6,1.76,3.8,,,,,
12/04/2018,2.27,0.04,2.23,2.34,2.2,97.61,1.74,3.8,,,,,
12/06/2018,2.34,0.07,2.27,2.3,2.2,97.625,1.69,3.8,,,,,
12/07/2018,2.3,-0.04,2.34,2.22,2.19,97.625,1.68,3.8,,,,,
12/10/2018,2.22,-0.08,2.3,2.19,2.2,97.625,1.65,3.8,,,,,
12/11/2018,2.19,-0.03,2.22,2.2,2.19,97.62,1.62,3.8,,,,,
12/12/2018,2.2,0.01,2.19,2.21,2.19,97.615,1.62,3.8,,,,,
12/13/2018,2.21,0.01,2.2,2.21,2.19,97.615,1.62,3.8,,,,,
12/14/2018,2.21,0,2.21,2.31,2.19,97.62,1.6,3.8,,,,,
12/17/2018,2.31,0.1,2.21,2.32,2.2,97.63,1.58,3.8,,,,,
12/18/2018,2.32,0.01,2.31,2.3,2.2,97.63,1.58,3.8,,,,,
12/19/2018,2.3,-0.02,2.32,2.41,2.2,97.6,1.56,3.8,,,,,
12/20/2018,2.41,0.11,2.3,2.4,2.4,97.595,1.53,3.8,,,,,
12/21/2018,2.4,-0.01,2.41,2.41,2.4,97.6,1.55,3.8,,,,,
12/24/2018,2.41,0.01,2.4,2.44,2.4,97.6,1.52,3.8,,,,,
12/26/2018,2.44,0.03,2.41,2.44,2.4,97.6,1.57,3.8,,,,,
12/27/2018,2.44,0,2.44,2.46,2.4,97.6,1.53,3.8,,,,,
12/28/2018,2.46,0.02,2.44,3,2.4,97.6,1.52,3.8,,,,,
12/31/2018,3,0.54,2.46,3.15,2.4,97.6,1.51,3.8,,,,,
01/02/2019,3.15,0.15,3,2.7,2.4,97.6,1.49,3.8,,,,,
01/03/2019,2.7,-0.45,3.15,2.45,2.4,97.6,1.49,3.8,,,,,
01/04/2019,2.45,-0.25,2.7,2.41,2.4,97.6,1.58,3.9,,,,,
01/07/2019,2.41,-0.04,2.45,2.42,2.4,97.5975,1.61,3.9,,,,,
01/08/2019,2.42,0.01,2.41,2.45,2.4,97.6,1.66,3.9,,,,,
01/09/2019,2.45,0.03,2.42,2.43,2.4,97.5975,1.68,3.9,,,,,
01/10/2019,2.43,-0.02,2.45,2.41,2.4,97.5975,1.65,3.9,,,,,
01/11/2019,2.41,-0.02,2.43,2.4,2.4,97.5975,1.66,3.9,,,,,
01/14/2019,2.4,-0.01,2.41,2.46,2.4,97.6,1.64,3.9,,,,,
01/15/2019,2.46,0.06,2.4,2.43,2.4,97.5975,1.63,3.9,,,,,
01/16/2019,2.43,-0.03,2.46,2.41,2.4,97.5975,1.64,3.9,,,,,
01/17/2019,2.41,-0.02,2.43,2.42,2.4,97.5975,1.64,3.9,,,,,
01/18/2019,2.42,0.01,2.41,2.41,2.4,97.5975,1.67,3.9,,,,,
01/22/2019,2.41,-0.01,2.42,2.4,2.4,97.5975,1.63,3.9,,,,,
01/23/2019,2.4,-0.01,2.41,2.41,2.4,97.5975,1.64,3.9,,,,,
01/24/2019,2.41,0.01,2.4,2.4,2.4,97.5975,1.62,3.9,,,,,
01/25/2019,2.4,-0.01,2.41,2.39,2.4,97.5975,1.64,3.9,,,,,
01/28/2019,2.39,-0.01,2.4,2.4,2.4,97.5975,1.62,3.9,,,,,
01/29/2019,2.4,0.01,2.39,2.39,2.4,97.5975,1.62,3.9,,,,,
01/30/2019,2.39,-0.01,2.4,2.58,2.4,97.5975,1.68,3.9,,,,,
01/31/2019,2.58,0.19,2.39,2.47,2.4,97.6,1.7,3.9,,,,,
02/01/2019,2.47,-0.11,2.58,2.4,2.4,97.6,1.72,4,,,,,
02/04/2019,2.4,-0.07,2.47,2.4,2.4,97.605,1.72,4,,,,,
02/05/2019,2.4,0,2.4,2.38,2.4,97.605,1.72,4,,,,,
02/06/2019,2.38,-0.02,2.4,2.38,2.4,97.595,1.71,4,,,,,
02/07/2019,2.38,0,2.38,2.37,2.4,97.605,1.69,4,,,,,
02/08/2019,2.37,-0.01,2.38,2.4,2.4,97.61,1.69,4,,,,,
02/11/2019,2.4,0.03,2.37,2.39,2.4,97.605,1.69,4,,,,,
02/12/2019,2.39,-0.01,2.4,2.38,2.4,97.6,1.71,4,,,,,
02/13/2019,2.38,-0.01,2.39,2.39,2.4,97.6,1.76,4,,,,,
02/14/2019,2.39,0.01,2.38,2.43,2.4,97.605,1.74,4,,,,,
02/15/2019,2.43,0.04,2.39,2.4,2.4,97.605,1.75,4,,,,,
02/19/2019,2.4,-0.03,2.43,2.39,2.4,97.605,1.76,4,,,,,
02/20/2019,2.39,-0.01,2.4,2.39,2.4,97.6,1.79,4,,,,,
02/21/2019,2.39,0,2.39,2.4,2.4,97.595,1.8,4,,,,,
02/22/2019,2.4,0.01,2.39,2.38,2.4,97.6,1.82,4,,,,,
02/25/2019,2.38,-0.02,2.4,2.38,2.4,97.6,1.82,4,,,,,
02/26/2019,2.38,0,2.38,2.37,2.4,97.595,1.82,4,,,,,
02/27/2019,2.37,-0.01,2.38,2.58,2.4,97.595,1.84,4,,,,,
02/28/2019,2.58,0.21,2.37,2.38,2.4,97.595,1.84,4,,,,,
03/01/2019,2.38,-0.2,2.58,2.38,2.4,97.595,1.85,3.8,,,,,
03/04/2019,2.38,0,2.38,2.38,2.4,97.595,1.84,3.8,,,,,
03/05/2019,2.38,0,2.38,2.38,2.4,97.595,1.83,3.8,,,,,
03/06/2019,2.38,0,2.38,2.38,2.4,97.6,1.81,3.8,,,,,
03/07/2019,2.38,0,2.38,2.39,2.4,97.6,1.8,3.8,,,,,
03/08/2019,2.39,0.01,2.38,2.38,2.4,97.6,1.8,3.8,,,,,
03/11/2019,2.38,-0.01,2.39,2.39,2.4,97.6,1.82,3.8,,,,,
03/12/2019,2.39,0.01,2.38,2.4,2.4,97.6,1.81,3.8,,,,,
03/13/2019,2.4,0.01,2.39,2.42,2.4,97.6,1.84,3.8,,,,,
03/14/2019,2.42,0.02,2.4,2.46,2.4,97.6,1.85,3.8,,,,,
03/15/2019,2.46,0.04,2.42,2.41,2.4,97.6,1.86,3.8,,,,,
03/18/2019,2.41,-0.05,2.46,2.42,2.4,97.6,1.88,3.8,,,,,
03/19/2019,2.42,0.01,2.41,2.47,2.4,97.6,1.85,3.8,,,,,
03/20/2019,2.47,0.05,2.42,2.44,2.41,97.595,1.88,3.8,,,,,
03/21/2019,2.44,-0.03,2.47,2.4,2.41,97.59,1.86,3.8,,,,,
03/22/2019,2.4,-0.04,2.44,2.4,2.41,97.595,1.8,3.8,,,,,
03/25/2019,2.4,0,2.4,2.4,2.4,97.595,1.77,3.8,,,,,
03/26/2019,2.4,0,2.4,2.4,2.4,97.595,1.75,3.8,,,,,
03/27/2019,2.4,0,2.4,2.43,2.41,97.595,1.74,3.8,,,,,
03/28/2019,2.43,0.03,2.4,2.65,2.41,97.595,1.72,3.8,,,,,
03/29/2019,2.65,0.22,2.43,2.46,2.43,97.595,1.78,3.8,,,,,
04/01/2019,2.46,-0.19,2.65,2.46,2.41,97.5925,1.82,3.8,,,,,
04/02/2019,2.46,0,2.46,2.47,2.41,97.5925,1.81,3.8,,,,,
04/03/2019,2.47,0.01,2.46,2.46,2.41,97.59,1.81,3.8,,,,,
04/04/2019,2.46,-0.01,2.47,2.46,2.41,97.59,1.81,3.8,,,,,
04/05/2019,2.46,0,2.46,2.46,2.41,97.59,1.79,3.8,,,,,
04/08/2019,2.46,0,2.46,2.45,2.41,97.59,1.81,3.8,,,,,
04/09/2019,2.45,-0.01,2.46,2.45,2.41,97.59,1.8,3.8,,,,,
04/10/2019,2.45,0,2.45,2.44,2.41,97.59,1.83,3.8,,,,,
04/11/2019,2.44,-0.01,2.45,2.44,2.41,97.59,1.82,3.8,,,,,
04/12/2019,2.44,0,2.44,2.47,2.41,97.59,1.86,3.8,,,,,
04/15/2019,2.47,0.03,2.44,2.47,2.41,97.59,1.85,3.8,,,,,
04/16/2019,2.47,0,2.47,2.5,2.41,97.59,1.86,3.8,,,,,
04/17/2019,2.5,0.03,2.47,2.5,2.42,97.58,1.84,3.8,,,,,
04/18/2019,2.5,0,2.5,2.46,2.43,97.58,1.86,3.8,,,,,
04/22/2019,2.46,-0.04,2.5,2.46,2.44,97.58,1.87,3.8,,,,,
04/23/2019,2.46,0,2.46,2.44,2.44,97.58,1.87,3.8,,,,,
04/24/2019,2.44,-0.02,2.46,2.45,2.44,97.58,1.87,3.8,,,,,
04/25/2019,2.45,0.01,2.44,2.46,2.44,97.58,1.86,3.8,,,,,
04/26/2019,2.46,0.01,2.45,2.48,2.44,97.58,1.86,3.8,,,,,
04/29/2019,2.48,0.02,2.46,2.76,2.45,97.58,1.86,3.8,,,,,
04/30/2019,2.76,0.28,2.48,2.54,2.45,97.58,1.85,3.8,,,,,
05/01/2019,2.54,-0.22,2.76,2.5,2.45,97.6,1.83,3.8,,,,,
05/02/2019,2.5,-0.04,2.54,2.43,2.41,97.59,1.78,3.8,,,,,
05/03/2019,2.43,-0.07,2.5,2.42,2.4,97.6,1.8,3.6,,,,,
05/06/2019,2.42,-0.01,2.43,2.44,2.4,97.61,1.81,3.6,,,,,
05/07/2019,2.44,0.02,2.42,2.43,2.4,97.61,1.76,3.6,,,,,
05/08/2019,2.43,-0.01,2.44,2.41,2.39,97.61,1.75,3.6,,,,,
05/09/2019,2.41,-0.02,2.43,2.4,2.38,97.61,1.73,3.6,,,,,
05/10/2019,2.4,-0.01,2.41,2.38,2.38,97.62,1.75,3.6,,,,,
05/13/2019,2.38,-0.02,2.4,2.39,2.38,97.62,1.73,3.6,,,,,
05/14/2019,2.39,0.01,2.38,2.48,2.38,97.62,1.75,3.6,,,,,
05/15/2019,2.48,0.09,2.39,2.43,2.4,97.61,1.74,3.6,,,,,
05/16/2019,2.43,-0.05,2.48,2.42,2.39,97.61,1.75,3.6,,,,,
05/17/2019,2.42,-0.01,2.43,2.39,2.39,97.61,1.71,3.6,,,,,
05/20/2019,2.39,-0.03,2.42,2.38,2.39,97.61,1.71,3.6,,,,,
05/21/2019,2.38,-0.01,2.39,2.37,2.39,97.61,1.72,3.6,,,,,
05/22/2019,2.37,-0.01,2.38,2.37,2.38,97.61,1.68,3.6,,,,,
05/23/2019,2.37,0,2.37,2.37,2.38,97.61,1.62,3.6,,,,,
05/24/2019,2.37,0,2.37,2.41,2.38,97.61,1.62,3.6,,,,,
05/28/2019,2.41,0.04,2.37,2.4,2.39,97.61,1.58,3.6,,,,,
05/29/2019,2.4,-0.01,2.41,2.4,2.39,97.61,1.59,3.6,,,,,
05/30/2019,2.4,0,2.4,2.49,2.39,97.61,1.59,3.6,,,,,
05/31/2019,2.49,0.09,2.4,2.4,2.4,97.61,1.58,3.6,,,,,
06/03/2019,2.4,-0.09,2.49,2.39,2.38,97.63,1.56,3.6,,,,,
06/04/2019,2.39,-0.01,2.4,2.4,2.38,97.64,1.59,3.6,,,,,
06/05/2019,2.4,0.01,2.39,2.4,2.38,97.63,1.59,3.6,,,,,
06/06/2019,2.4,0,2.4,2.39,2.37,97.63,1.58,3.6,,,,,
06/07/2019,2.39,-0.01,2.4,2.39,2.37,97.64,1.61,3.7,,,,,
06/10/2019,2.39,0,2.39,2.38,2.37,97.64,1.6,3.7,,,,,
06/11/2019,2.38,-0.01,2.39,2.37,2.37,97.64,1.57,3.7,,,,,
06/12/2019,2.37,-0.01,2.38,2.35,2.37,97.64,1.53,3.7,,,,,
06/13/2019,2.35,-0.02,2.37,2.35,2.37,97.64,1.51,3.7,,,,,
06/14/2019,2.35,0,2.35,2.41,2.36,97.64,1.48,3.7,,,,,
06/17/2019,2.41,0.06,2.35,2.39,2.38,97.64,1.45,3.7,,,,,
06/18/2019,2.39,-0.02,2.41,2.36,2.37,97.64,1.49,3.7,,,,,
06/19/2019,2.36,-0.03,2.39,2.36,2.37,97.63,1.53,3.7,,,,,
06/20/2019,2.36,0,2.36,2.37,2.37,97.62,1.58,3.7,,,,,
06/21/2019,2.37,0.01,2.36,2.39,2.38,97.62,1.6,3.7,,,,,
06/24/2019,2.39,0.02,2.37,2.41,2.38,97.62,1.57,3.7,,,,,
06/25/2019,2.41,0.02,2.39,2.43,2.38,97.62,1.52,3.7,,,,,
06/26/2019,2.43,0.02,2.41,2.42,2.38,97.62,1.56,3.7,,,,,
06/27/2019,2.42,-0.01,2.43,2.5,2.38,97.62,1.53,3.7,,,,,
07/01/2019,2.42,-0.08,2.5,2.51,2.39,97.63,1.53,3.7,,,,,
07/02/2019,2.51,0.09,2.42,2.56,2.4,97.62,1.5,3.7,,,,,
07/03/2019,2.56,0.05,2.51,2.59,2.41,97.62,1.51,3.7,,,,,
07/05/2019,2.59,0.03,2.56,2.48,2.42,97.61,1.55,3.6,,,,,
07/08/2019,2.48,-0.11,2.59,2.45,2.41,97.61,1.55,3.6,,,,,
07/09/2019,2.45,-0.03,2.48,2.46,2.41,97.61,1.56,3.6,,,,,
07/10/2019,2.46,0.01,2.45,2.41,2.41,97.61,1.59,3.6,,,,,
07/11/2019,2.41,-0.05,2.46,2.36,2.4,97.61,1.63,3.6,,,,,
07/12/2019,2.36,-0.05,2.41,2.46,2.38,97.61,1.62,3.6,,,,,
07/15/2019,2.46,0.1,2.36,2.47,2.4,97.61,1.61,3.6,,,,,
07/16/2019,2.47,0.01,2.46,2.47,2.41,97.6,1.63,3.6,,,,,
07/17/2019,2.47,0,2.47,2.46,2.41,97.6,1.6,3.6,,,,,
07/18/2019,2.46,-0.01,2.47,2.41,2.41,97.6,1.6,3.6,,,,,
07/19/2019,2.41,-0.05,2.46,2.4,2.41,97.6,1.6,3.6,,,,,
07/22/2019,2.4,-0.01,2.41,2.4,2.4,97.6,1.59,3.6,,,,,
07/23/2019,2.4,0,2.4,2.41,2.4,97.6,1.61,3.6,,,,,
07/24/2019,2.41,0.01,2.4,2.42,2.4,97.6,1.59,3.6,,,,,
07/25/2019,2.42,0.01,2.41,2.41,2.4,97.6,1.6,3.6,,,,,
07/26/2019,2.41,-0.01,2.42,2.4,2.4,97.6,1.57,3.6,,,,,
07/29/2019,2.4,-0.01,2.41,2.39,2.4,97.59,1.57,3.6,,,,,
07/30/2019,2.39,-0.01,2.4,2.55,2.39,97.59,1.58,3.6,,,,,
07/31/2019,2.55,0.16,2.39,2.19,2.4,97.59,1.56,3.6,,,,,
08/01/2019,2.19,-0.36,2.55,2.19,2.14,97.85,1.47,3.6,,,,,
08/02/2019,2.19,0,2.19,2.13,2.14,97.85,1.45,3.7,,,,,
08/05/2019,2.13,-0.06,2.19,2.11,2.13,97.88,1.39,3.7,,,,,
08/06/2019,2.11,-0.02,2.13,2.1,2.13,97.86,1.4,3.7,,,,,
08/07/2019,2.1,-0.01,2.11,2.09,2.12,97.87,1.38,3.7,,,,,
08/08/2019,2.09,-0.01,2.1,2.11,2.12,97.87,1.43,3.7,,,,,
08/09/2019,2.11,0.02,2.09,2.12,2.12,97.87,1.44,3.7,,,,,
08/12/2019,2.12,0.01,2.11,2.16,2.12,97.87,1.39,3.7,,,,,
08/13/2019,2.16,0.04,2.12,2.13,2.12,97.87,1.44,3.7,,,,,
08/14/2019,2.13,-0.03,2.16,2.18,2.12,97.88,1.36,3.7,,,,,
08/15/2019,2.18,0.05,2.13,2.13,2.13,97.88,1.34,3.7,,,,,
08/16/2019,2.13,-0.05,2.18,2.11,2.13,97.87,1.34,3.7,,,,,
08/19/2019,2.11,-0.02,2.13,2.13,2.13,97.87,1.36,3.7,,,,,
08/20/2019,2.13,0.02,2.11,2.1,2.13,97.87,1.34,3.7,,,,,
08/21/2019,2.1,-0.03,2.13,2.09,2.12,97.87,1.34,3.7,,,,,
08/22/2019,2.09,-0.01,2.1,2.1,2.12,97.87,1.35,3.7,,,,,
08/23/2019,2.1,0.01,2.09,2.1,2.12,97.87,1.35,3.7,,,,,
08/26/2019,2.1,0,2.1,2.15,2.12,97.87,1.34,3.7,,,,,
08/27/2019,2.15,0.05,2.1,2.12,2.12,97.87,1.36,3.7,,,,,
08/28/2019,2.12,-0.03,2.15,2.12,2.12,97.87,1.36,3.7,,,,,
08/29/2019,2.12,0,2.12,2.16,2.12,97.87,1.39,3.7,,,,,
08/30/2019,2.16,0.04,2.12,2.17,2.13,97.87,1.35,3.7,,,,,
09/03/2019,2.17,0.01,2.16,2.21,2.13,97.98,1.29,3.7,,,,,
09/04/2019,2.21,0.04,2.17,2.21,2.13,97.99,1.31,3.7,,,,,
09/05/2019,2.21,0,2.21,2.15,2.13,97.97,1.35,3.7,,,,,
09/06/2019,2.15,-0.06,2.21,2.12,2.12,97.97,1.35,3.7,,,,,
09/09/2019,2.12,-0.03,2.15,2.14,2.13,97.97,1.38,3.7,,,,,
09/10/2019,2.14,0.02,2.12,2.15,2.13,97.97,1.4,3.7,,,,,
09/11/2019,2.15,0.01,2.14,2.2,2.13,97.97,1.4,3.7,,,,,
09/12/2019,2.2,0.05,2.15,2.2,2.13,97.97,1.43,3.7,,,,,
09/13/2019,2.2,0,2.2,2.43,2.14,97.96,1.46,3.7,,,,,
09/16/2019,2.43,0.23,2.2,5.25,2.25,97.94,1.48,3.7,,,,,
09/17/2019,5.25,2.82,2.43,2.55,2.3,97.92,1.46,3.7,,,,,
09/18/2019,2.55,-2.7,5.25,1.95,2.25,97.94,1.4,3.7,,,,,
09/19/2019,1.95,-0.6,2.55,1.86,1.9,97.94,1.41,3.7,,,,,
09/20/2019,1.86,-0.09,1.95,1.85,1.9,97.95,1.42,3.7,,,,,
09/23/2019,1.85,-0.01,1.86,1.96,1.9,97.95,1.42,3.7,,,,,
09/24/2019,1.96,0.11,1.85,2.01,1.9,97.94,1.39,3.7,,,,,
09/25/2019,2.01,0.05,1.96,1.85,1.9,97.94,1.41,3.7,,,,,
09/26/2019,1.85,-0.16,2.01,1.82,1.85,97.95,1.4,3.7,,,,,
09/27/2019,1.82,-0.03,1.85,2.35,1.83,97.96,1.36,3.7,,,,,
09/30/2019,2.35,0.53,1.82,1.88,1.9,97.96,1.35,3.7,,,,,
10/01/2019,1.88,-0.47,2.35,1.85,1.88,98.15,1.33,3.7,,,,,
10/02/2019,1.85,-0.03,1.88,1.84,1.85,98.14,1.29,3.7,,,,,
10/03/2019,1.84,-0.01,1.85,1.82,1.83,98.15,1.25,3.7,,,,,
10/04/2019,1.82,-0.02,1.84,1.83,1.82,98.16,1.27,3.5,,,,,
10/07/2019,1.83,0.01,1.82,1.85,1.82,98.17,1.27,3.5,,,,,
10/08/2019,1.85,0.02,1.83,1.85,1.82,98.17,1.25,3.5,,,,,
10/09/2019,1.85,0,1.85,1.85,1.82,98.17,1.24,3.5,,,,,
10/10/2019,1.85,0,1.85,1.85,1.82,98.17,1.29,3.5,,,,,
10/11/2019,1.85,0,1.85,2,1.82,98.18,1.34,3.5,,,,,
10/15/2019,2,0.15,1.85,2.05,1.9,98.17,1.33,3.5,,,,,
10/16/2019,2.05,0.05,2,1.95,1.9,98.17,1.35,3.5,,,,,
10/17/2019,1.95,-0.1,2.05,1.88,1.85,98.16,1.52,3.5,,,,,
10/18/2019,1.88,-0.07,1.95,1.86,1.85,98.17,1.52,3.5,,,,,
10/21/2019,1.86,-0.02,1.88,1.87,1.85,98.17,1.53,3.5,,,,,
10/22/2019,1.87,0.01,1.86,1.87,1.85,98.16,1.53,3.5,,,,,
10/23/2019,1.87,0,1.87,1.86,1.85,98.16,1.52,3.5,,,,,
10/24/2019,1.86,-0.01,1.87,1.84,1.85,98.16,1.52,3.5,,,,,
10/25/2019,1.84,-0.02,1.86,1.82,1.83,98.17,1.55,3.5,,,,,
10/28/2019,1.82,-0.02,1.84,1.81,1.83,98.17,1.53,3.5,,,,,
10/29/2019,1.81,-0.01,1.82,1.82,1.82,98.17,1.51,3.5,,,,,
10/30/2019,1.82,0.01,1.81,1.76,1.82,98.17,1.47,3.5,,,,,
10/31/2019,1.76,-0.06,1.82,1.58,1.58,98.17,1.44,3.5,,,,,
11/01/2019,1.58,-0.18,1.76,1.56,1.57,98.42,1.5,3.6,,,,,
11/04/2019,1.56,-0.02,1.58,1.58,1.56,98.42,1.56,3.6,,,,,
11/05/2019,1.58,0.02,1.56,1.57,1.56,98.42,1.58,3.6,,,,,
11/06/2019,1.57,-0.01,1.58,1.56,1.55,98.42,1.57,3.6,,,,,
11/07/2019,1.56,-0.01,1.57,1.56,1.55,98.43,1.61,3.6,,,,,
11/08/2019,1.56,0,1.56,1.57,1.55,98.43,1.63,3.6,,,,,
11/12/2019,1.57,0.01,1.56,1.57,1.55,98.43,1.6,3.6,,,,,
11/13/2019,1.57,0,1.57,1.58,1.55,98.44,1.58,3.6,,,,,
11/14/2019,1.58,0.01,1.57,1.59,1.55,98.44,1.54,3.6,,,,,
11/15/2019,1.59,0.01,1.58,1.56,1.55,98.44,1.52,3.6,,,,,
11/18/2019,1.56,-0.03,1.59,1.57,1.55,98.44,1.54,3.6,,,,,
11/19/2019,1.57,0.01,1.56,1.57,1.55,98.44,1.53,3.6,,,,,
11/20/2019,1.57,0,1.57,1.58,1.55,98.44,1.51,3.6,,,,,
11/21/2019,1.58,0.01,1.57,1.58,1.55,98.44,1.53,3.6,,,,,
11/22/2019,1.58,0,1.58,1.56,1.55,98.44,1.53,3.6,,,,,
11/25/2019,1.56,-0.02,1.58,1.54,1.55,98.44,1.53,3.6,,,,,
11/26/2019,1.54,-0.02,1.56,1.55,1.55,98.44,1.52,3.6,,,,,
11/27/2019,1.55,0.01,1.54,1.65,1.55,98.44,1.54,3.6,,,,,
11/29/2019,1.65,0.1,1.55,1.63,1.56,98.44,1.5,3.6,,,,,
12/02/2019,1.63,-0.02,1.65,1.55,1.56,98.43,1.54,3.6,,,,,
12/03/2019,1.55,-0.08,1.63,1.54,1.55,98.44,1.51,3.6,,,,,
12/04/2019,1.54,-0.01,1.55,1.55,1.55,98.44,1.54,3.6,,,,,
12/05/2019,1.55,0.01,1.54,1.55,1.55,98.44,1.55,3.6,,,,,
12/06/2019,1.55,0,1.55,1.56,1.55,98.44,1.59,3.6,,,,,
12/09/2019,1.56,0.01,1.55,1.55,1.55,98.44,1.59,3.6,,,,,
12/10/2019,1.55,-0.01,1.56,1.54,1.55,98.44,1.59,3.6,,,,,
12/11/2019,1.54,-0.01,1.55,1.53,1.55,98.44,1.6,3.6,,,,,
12/12/2019,1.53,-0.01,1.54,1.54,1.55,98.44,1.62,3.6,,,,,
12/13/2019,1.54,0.01,1.53,1.62,1.55,98.45,1.62,3.6,,,,,
12/16/2019,1.62,0.08,1.54,1.54,1.56,98.44,1.64,3.6,,,,,
12/17/2019,1.54,-0.08,1.62,1.53,1.55,98.44,1.65,3.6,,,,,
12/18/2019,1.53,-0.01,1.54,1.53,1.55,98.44,1.68,3.6,,,,,
12/19/2019,1.53,0,1.53,1.53,1.55,98.44,1.68,3.6,,,,,
12/20/2019,1.53,0,1.53,1.52,1.55,98.45,1.67,3.6,,,,,
12/23/2019,1.52,-0.01,1.53,1.52,1.55,98.44,1.67,3.6,,,,,
12/24/2019,1.52,0,1.52,1.52,1.55,98.45,1.67,3.6,,,,,
12/26/2019,1.52,0,1.52,1.53,1.55,98.44,1.66,3.6,,,,,
12/27/2019,1.53,0.01,1.52,1.54,1.55,98.44,1.64,3.6,,,,,
12/30/2019,1.54,0.01,1.53,1.55,1.55,98.45,1.66,3.6,,,,,
12/31/2019,1.55,0.01,1.54,1.54,1.55,98.45,1.68,3.6,,,,,
01/02/2020,1.54,-0.01,1.55,1.55,1.55,98.45,1.72,3.6,,,,,
01/03/2020,1.55,0.01,1.54,1.55,1.55,98.45,1.69,3.6,,,,,
01/06/2020,1.55,0,1.55,1.56,1.55,98.45,1.69,3.6,,,,,
01/07/2020,1.56,0.01,1.55,1.55,1.55,98.45,1.67,3.6,,,,,
01/08/2020,1.55,-0.01,1.56,1.55,1.55,98.45,1.68,3.6,,,,,
01/09/2020,1.55,0,1.55,1.55,1.55,98.45,1.67,3.6,,,,,
01/10/2020,1.55,0,1.55,1.54,1.54,98.45,1.67,3.6,,,,,
01/13/2020,1.54,-0.01,1.55,1.55,1.54,98.45,1.7,3.6,,,,,
01/14/2020,1.55,0.01,1.54,1.56,1.54,98.45,1.7,3.6,,,,,
01/15/2020,1.56,0.01,1.55,1.55,1.54,98.45,1.67,3.6,,,,,
01/16/2020,1.55,-0.01,1.56,1.54,1.54,98.45,1.68,3.6,,,,,
01/17/2020,1.54,-0.01,1.55,1.54,1.55,98.45,1.68,3.6,,,,,
01/21/2020,1.54,0,1.54,1.54,1.55,98.45,1.66,3.6,,,,,
01/22/2020,1.54,0,1.54,1.54,1.55,98.45,1.64,3.6,,,,,
01/23/2020,1.54,0,1.54,1.53,1.55,98.45,1.64,3.6,,,,,
01/24/2020,1.53,-0.01,1.54,1.53,1.55,98.45,1.62,3.6,,,,,
01/27/2020,1.53,0,1.53,1.53,1.55,98.45,1.56,3.6,,,,,
01/28/2020,1.53,0,1.53,1.53,1.55,98.45,1.59,3.6,,,,,
01/29/2020,1.53,0,1.53,1.58,1.55,98.45,1.58,3.6,,,,,
01/30/2020,1.58,0.05,1.53,1.6,1.6,98.45,1.59,3.6,,,,,
01/31/2020,1.6,0.02,1.58,1.59,1.59,98.45,1.6,3.6,,,,,
02/03/2020,1.59,-0.01,1.6,1.6,1.59,98.41,1.56,3.6,,,,,
02/04/2020,1.6,0.01,1.59,1.59,1.59,98.41,1.58,3.6,,,,,
02/05/2020,1.59,-0.01,1.6,1.59,1.59,98.41,1.61,3.6,,,,,
02/06/2020,1.59,0,1.59,1.58,1.59,98.41,1.61,3.6,,,,,
02/07/2020,1.58,-0.01,1.59,1.58,1.58,98.41,1.61,3.5,,,,,
02/10/2020,1.58,0,1.58,1.58,1.58,98.42,1.62,3.5,,,,,
02/11/2020,1.58,0,1.58,1.57,1.58,98.42,1.6,3.5,,,,,
02/12/2020,1.57,-0.01,1.58,1.57,1.58,98.42,1.64,3.5,,,,,
02/13/2020,1.57,0,1.57,1.58,1.58,98.42,1.65,3.5,,,,,
02/14/2020,1.58,0.01,1.57,1.6,1.58,98.42,1.64,3.5,,,,,
02/18/2020,1.6,0.02,1.58,1.59,1.59,98.42,1.64,3.5,,,,,
02/19/2020,1.59,-0.01,1.6,1.6,1.59,98.42,1.65,3.5,,,,,
02/20/2020,1.6,0.01,1.59,1.58,1.59,98.42,1.63,3.5,,,,,
02/21/2020,1.58,-0.02,1.6,1.58,1.58,98.42,1.6,3.5,,,,,
02/24/2020,1.58,0,1.58,1.59,1.58,98.42,1.57,3.5,,,,,
02/25/2020,1.59,0.01,1.58,1.58,1.58,98.42,1.52,3.5,,,,,
02/26/2020,1.58,-0.01,1.59,1.58,1.58,98.42,1.5,3.5,,,,,
02/27/2020,1.58,0,1.58,1.6,1.58,98.42,1.48,3.5,,,,,
02/28/2020,1.6,0.02,1.58,1.59,1.58,98.42,1.33,3.5,,,,,
03/02/2020,1.59,-0.01,1.6,1.64,1.59,98.72,1.32,3.5,,,,,
03/03/2020,1.64,0.05,1.59,1.23,1.59,98.98,1.34,3.5,,,,,
03/04/2020,1.23,-0.41,1.64,1.12,1.09,98.97,1.34,3.5,,,,,
03/05/2020,1.12,-0.11,1.23,1.1,1.09,99.03,1.28,3.5,,,,,
03/06/2020,1.1,-0.02,1.12,1.09,1.09,99.12,1.14,3.5,,,,,
03/09/2020,1.09,-0.01,1.1,1.11,1.09,99.25,0.8,3.5,,,,,
03/10/2020,1.11,0.02,1.09,1.15,1.09,99.17,0.77,3.5,,,,,
03/11/2020,1.15,0.04,1.11,1.2,1.09,99.26,0.69,3.5,,,,,
03/12/2020,1.2,0.05,1.15,1.1,1.1,99.29,0.63,3.5,,,,,
03/13/2020,1.1,-0.1,1.2,0.26,1.1,99.28,0.53,3.5,,,,,
03/16/2020,0.26,-0.84,1.1,0.54,0.25,99.34,0.3,3.5,,,,,
03/17/2020,0.54,0.28,0.26,0.1,0.25,99.33,0.16,3.5,,,,,
03/18/2020,0.1,-0.44,0.54,0.06,0.25,99.31,0.16,3.5,,,,,
03/19/2020,0.06,-0.04,0.1,0.04,0.2,99.3,0.14,3.5,,,,,
03/20/2020,0.04,-0.02,0.06,0.02,0.15,99.33,0.31,3.5,,,,,
03/23/2020,0.02,-0.02,0.04,0.01,0.15,99.34,0.37,3.5,,,,,
03/24/2020,0.01,-0.01,0.02,0.01,0.12,99.34,0.55,3.5,,,,,
03/25/2020,0.01,0,0.01,0.01,0.1,99.34,0.69,3.5,,,,,
03/26/2020,0.01,0,0.01,0.01,0.1,99.34,0.72,3.5,,,,,
03/27/2020,0.01,0,0.01,0.01,0.1,99.35,0.54,3.5,,,,,
03/30/2020,0.01,0,0.01,0.01,0.09,99.35,0.57,3.5,,,,,
03/31/2020,0.01,0,0.01,0.01,0.08,99.35,0.49,3.5,,,,,
04/01/2020,0.01,0,0.01,0.01,0.06,99.93,0.56,3.5,,,,,
04/02/2020,0.01,0,0.01,0.01,0.05,99.93,0.73,3.5,,,,,
04/03/2020,0.01,0,0.01,0.01,0.05,99.94,0.78,4.4,,,,,
04/06/2020,0.01,0,0.01,0.01,0.05,99.94,0.85,4.4,,,,,
04/07/2020,0.01,0,0.01,0.01,0.05,99.94,0.86,4.4,,,,,
04/08/2020,0.01,0,0.01,0.01,0.05,99.94,0.87,4.4,,,,,
04/09/2020,0.01,0,0.01,0.02,0.05,99.94,0.9,4.4,,,,,
04/13/2020,0.02,0.01,0.01,0.06,0.05,99.94,0.94,4.4,,,,,
04/14/2020,0.06,0.04,0.02,0.03,0.05,99.94,0.94,4.4,,,,,
04/15/2020,0.03,-0.03,0.06,0.03,0.05,99.94,0.87,4.4,,,,,
04/16/2020,0.03,0,0.03,0.03,0.05,99.94,0.7,4.4,,,,,
04/17/2020,0.03,0,0.03,0.02,0.05,99.94,0.67,4.4,,,,,
04/20/2020,0.02,-0.01,0.03,0.01,0.05,99.95,0.56,4.4,,,,,
04/21/2020,0.01,-0.01,0.02,0.01,0.05,99.95,0.58,4.4,,,,,
04/22/2020,0.01,0,0.01,0.01,0.05,99.95,0.69,4.4,,,,,
04/23/2020,0.01,0,0.01,0.03,0.04,99.95,0.67,4.4,,,,,
04/24/2020,0.03,0.02,0.01,0.03,0.05,99.95,0.72,4.4,,,,,
04/27/2020,0.03,0,0.03,0.01,0.04,99.95,0.78,4.4,,,,,
04/28/2020,0.01,-0.02,0.03,0.01,0.04,99.95,0.76,4.4,,,,,
04/29/2020,0.01,0,0.01,0.04,0.04,99.95,0.78,4.4,,,,,
04/30/2020,0.04,0.03,0.01,0.03,0.05,99.95,0.72,4.4,,,,,
05/01/2020,0.03,-0.01,0.04,0.05,0.05,99.95,0.68,14.7,,,,,
05/04/2020,0.05,0.02,0.03,0.05,0.05,99.95,0.69,14.7,,,,,
05/05/2020,0.05,0,0.05,0.05,0.05,99.95,0.71,14.7,,,,,
05/06/2020,0.05,0,0.05,0.05,0.05,99.95,0.71,14.7,,,,,
05/07/2020,0.05,0,0.05,0.06,0.05,99.95,0.7,14.7,,,,,
05/08/2020,0.06,0.01,0.05,0.06,0.05,99.95,0.74,14.7,,,,,
05/11/2020,0.06,0,0.06,0.06,0.05,99.95,0.75,14.7,,,,,
05/12/2020,0.06,0,0.06,0.04,0.05,99.95,0.72,14.7,,,,,
05/13/2020,0.04,-0.02,0.06,0.02,0.05,99.95,0.71,14.7,,,,,
05/14/2020,0.02,-0.02,0.04,0.05,0.05,99.95,0.71,14.7,,,,,
05/15/2020,0.05,0.03,0.02,0.04,0.05,99.95,0.75,14.7,,,,,
05/18/2020,0.04,-0.01,0.05,0.04,0.05,99.95,0.84,14.7,,,,,
05/19/2020,0.04,0,0.04,0.01,0.05,99.95,0.82,14.7,,,,,
05/20/2020,0.01,-0.03,0.04,0.02,0.05,99.95,0.83,14.7,,,,,
05/21/2020,0.02,0.01,0.01,0.04,0.05,99.95,0.81,14.7,,,,,
05/22/2020,0.04,0.02,0.02,0.06,0.05,99.95,0.8,14.7,,,,,
05/26/2020,0.06,0.02,0.04,0.06,0.05,99.95,0.82,14.7,,,,,
05/27/2020,0.06,0,0.06,0.06,0.05,99.95,0.82,14.7,,,,,
05/28/2020,0.06,0,0.06,0.06,0.05,99.95,0.86,14.7,,,,,
06/01/2020,0.06,0,0.06,0.07,0.05,99.94,0.84,14.7,,,,,
06/02/2020,0.07,0.01,0.06,0.06,0.06,99.94,0.84,14.7,,,,,
06/03/2020,0.06,-0.01,0.07,0.07,0.06,99.94,0.88,14.7,,,,,
06/04/2020,0.07,0.01,0.06,0.07,0.06,99.94,0.88,14.7,,,,,
06/05/2020,0.07,0,0.07,0.07,0.07,99.93,0.95,13.2,,,,,
06/08/2020,0.07,0,0.07,0.08,0.07,99.93,0.98,13.2,,,,,
06/09/2020,0.08,0.01,0.07,0.07,0.07,99.92,0.98,13.2,,,,,
06/10/2020,0.07,-0.01,0.08,0.08,0.08,99.92,1,13.2,,,,,
06/11/2020,0.08,0.01,0.07,0.08,0.08,99.92,0.95,13.2,,,,,
06/12/2020,0.08,0,0.08,0.09,0.08,99.92,0.95,13.2,,,,,
06/15/2020,0.09,0.01,0.08,0.09,0.09,99.92,0.98,13.2,,,,,
06/16/2020,0.09,0,0.09,0.09,0.09,99.92,1.02,13.2,,,,,
06/17/2020,0.09,0,0.09,0.09,0.09,99.92,1.01,13.2,,,,,
06/18/2020,0.09,0,0.09,0.09,0.09,99.92,1.12,13.2,,,,,
06/19/2020,0.09,0,0.09,0.08,0.09,99.92,1.06,13.2,,,,,
06/22/2020,0.08,-0.01,0.09,0.07,0.08,99.92,1.11,13.2,,,,,
06/23/2020,0.07,-0.01,0.08,0.08,0.08,99.92,1.14,13.2,,,,,
06/24/2020,0.08,0.01,0.07,0.09,0.08,99.92,1.1,13.2,,,,,
06/25/2020,0.09,0.01,0.08,0.08,0.08,99.92,1.11,13.2,,,,,
06/26/2020,0.08,-0.01,0.09,0.08,0.08,99.92,1.11,13.2,,,,,
06/29/2020,0.08,0,0.08,0.1,0.08,99.92,1.14,13.2,,,,,
06/30/2020,0.1,0.02,0.08,0.11,0.08,99.92,1.16,13.2,,,,,
07/01/2020,0.11,0.01,0.1,0.11,0.08,99.92,1.17,13.2,,,,,
07/02/2020,0.11,0,0.11,0.1,0.09,99.92,1.21,13.2,,,,,
07/06/2020,0.1,-0.01,0.11,0.1,0.09,99.92,1.28,11,,,,,
07/07/2020,0.1,0,0.1,0.1,0.09,99.91,1.26,11,,,,,
07/08/2020,0.1,0,0.1,0.1,0.09,99.92,1.25,11,,,,,
07/09/2020,0.1,0,0.1,0.1,0.09,99.92,1.22,11,,,,,
07/10/2020,0.1,0,0.1,0.1,0.09,99.91,1.25,11,,,,,
07/13/2020,0.1,0,0.1,0.11,0.09,99.91,1.27,11,,,,,
07/14/2020,0.11,0.01,0.1,0.13,0.09,99.91,1.27,11,,,,,
07/15/2020,0.13,0.02,0.11,0.12,0.1,99.91,1.28,11,,,,,
07/16/2020,0.12,-0.01,0.13,0.12,0.1,99.91,1.3,11,,,,,
07/17/2020,0.12,0,0.12,0.12,0.09,99.91,1.35,11,,,,,
07/20/2020,0.12,0,0.12,0.11,0.1,99.91,1.37,11,,,,,
07/21/2020,0.11,-0.01,0.12,0.1,0.1,99.91,1.4,11,,,,,
07/22/2020,0.1,-0.01,0.11,0.1,0.09,99.91,1.4,11,,,,,
07/23/2020,0.1,0,0.1,0.1,0.09,99.91,1.37,11,,,,,
07/24/2020,0.1,0,0.1,0.1,0.09,99.91,1.35,11,,,,,
07/27/2020,0.1,0,0.1,0.1,0.1,99.91,1.38,11,,,,,
07/28/2020,0.1,0,0.1,0.09,0.1,99.91,1.36,11,,,,,
07/29/2020,0.09,-0.01,0.1,0.1,0.1,99.91,1.38,11,,,,,
07/30/2020,0.1,0.01,0.09,0.1,0.1,99.91,1.37,11,,,,,
07/31/2020,0.1,0,0.1,0.1,0.1,99.91,1.4,11,,,,,
08/03/2020,0.1,0,0.1,0.09,0.1,99.92,1.46,11,,,,,
08/04/2020,0.09,-0.01,0.1,0.09,0.1,99.91,1.45,11,,,,,
08/05/2020,0.09,0,0.09,0.09,0.1,99.91,1.52,11,,,,,
08/06/2020,0.09,0,0.09,0.09,0.1,99.91,1.53,11,,,,,
08/07/2020,0.09,0,0.09,0.09,0.1,99.91,1.5,10.2,,,,,
08/10/2020,0.09,0,0.09,0.1,0.1,99.91,1.49,10.2,,,,,
08/11/2020,0.1,0.01,0.09,0.09,0.1,99.91,1.5,10.2,,,,,
08/12/2020,0.09,-0.01,0.1,0.09,0.1,99.91,1.56,10.2,,,,,
08/13/2020,0.09,0,0.09,0.09,0.1,99.91,1.56,10.2,,,,,
08/14/2020,0.09,0,0.09,0.1,0.1,99.9,1.53,10.2,,,,,
08/17/2020,0.1,0.01,0.09,0.09,0.1,99.9,1.54,10.2,,,,,
08/18/2020,0.09,-0.01,0.1,0.09,0.09,99.9,1.55,10.2,,,,,
08/19/2020,0.09,0,0.09,0.07,0.09,99.91,1.55,10.2,,,,,
08/20/2020,0.07,-0.02,0.09,0.07,0.09,99.91,1.48,10.2,,,,,
08/21/2020,0.07,0,0.07,0.08,0.09,99.91,1.52,10.2,,,,,
08/24/2020,0.08,0.01,0.07,0.08,0.09,99.91,1.57,10.2,,,,,
08/25/2020,0.08,0,0.08,0.07,0.09,99.91,1.6,10.2,,,,,
08/26/2020,0.07,-0.01,0.08,0.07,0.09,99.9,1.63,10.2,,,,,
08/27/2020,0.07,0,0.07,0.07,0.08,99.91,1.65,10.2,,,,,
08/28/2020,0.07,0,0.07,0.09,0.09,99.91,1.68,10.2,,,,,
08/31/2020,0.09,0.02,0.07,0.09,0.09,99.91,1.69,10.2,,,,,
09/01/2020,0.09,0,0.09,0.09,0.09,99.92,1.65,10.2,,,,,
09/02/2020,0.09,0,0.09,0.1,0.09,99.92,1.61,10.2,,,,,
09/03/2020,0.1,0.01,0.09,0.09,0.09,99.92,1.53,10.2,,,,,
09/04/2020,0.09,-0.01,0.1,0.09,0.09,99.91,1.57,8.4,,,,,
09/08/2020,0.09,0,0.09,0.09,0.09,99.91,1.55,8.4,,,,,
09/09/2020,0.09,0,0.09,0.09,0.09,99.91,1.57,8.4,,,,,
09/10/2020,0.09,0,0.09,0.09,0.09,99.91,1.54,8.4,,,,,
09/11/2020,0.09,0,0.09,0.09,0.09,99.91,1.53,8.4,,,,,
09/14/2020,0.09,0,0.09,0.1,0.09,99.91,1.54,8.4,,,,,
09/15/2020,0.1,0.01,0.09,0.1,0.09,99.91,1.54,8.4,,,,,
09/16/2020,0.1,0,0.1,0.1,0.09,99.91,1.57,8.4,,,,,
09/17/2020,0.1,0,0.1,0.09,0.09,99.91,1.57,8.4,,,,,
09/18/2020,0.09,-0.01,0.1,0.08,0.09,99.91,1.58,8.4,,,,,
09/21/2020,0.08,-0.01,0.09,0.07,0.09,99.91,1.5,8.4,,,,,
09/22/2020,0.07,-0.01,0.08,0.06,0.09,99.91,1.5,8.4,,,,,
09/23/2020,0.06,-0.01,0.07,0.07,0.09,99.91,1.48,8.4,,,,,
09/24/2020,0.07,0.01,0.06,0.08,0.09,99.91,1.45,8.4,,,,,
09/25/2020,0.08,0.01,0.07,0.08,0.09,99.91,1.43,8.4,,,,,
09/28/2020,0.08,0,0.08,0.07,0.09,99.91,1.48,8.4,,,,,
09/29/2020,0.07,-0.01,0.08,0.08,0.09,99.91,1.49,8.4,,,,,
09/30/2020,0.08,0.01,0.07,0.08,0.09,99.91,1.5,8.4,,,,,
10/01/2020,0.08,0,0.08,0.1,0.09,99.92,1.48,8.4,,,,,
10/02/2020,0.1,0.02,0.08,0.09,0.09,99.92,1.48,7.9,,,,,
10/05/2020,0.09,-0.01,0.1,0.1,0.09,99.92,1.52,7.9,,,,,
10/06/2020,0.1,0.01,0.09,0.09,0.09,99.92,1.51,7.9,,,,,
10/07/2020,0.09,-0.01,0.1,0.08,0.09,99.92,1.54,7.9,,,,,
10/08/2020,0.08,-0.01,0.09,0.09,0.09,99.91,1.56,7.9,,,,,
10/09/2020,0.09,0.01,0.08,0.09,0.09,99.91,1.56,7.9,,,,,
10/13/2020,0.09,0,0.09,0.09,0.09,99.91,1.52,7.9,,,,,
10/14/2020,0.09,0,0.09,0.1,0.09,99.91,1.52,7.9,,,,,
10/15/2020,0.1,0.01,0.09,0.09,0.09,99.91,1.52,7.9,,,,,
10/16/2020,0.09,-0.01,0.1,0.09,0.09,99.91,1.53,7.9,,,,,
10/19/2020,0.09,0,0.09,0.08,0.09,99.91,1.53,7.9,,,,,
10/20/2020,0.08,-0.01,0.09,0.07,0.09,99.91,1.53,7.9,,,,,
10/21/2020,0.07,-0.01,0.08,0.07,0.09,99.91,1.56,7.9,,,,,
10/22/2020,0.07,0,0.07,0.08,0.09,99.91,1.68,7.9,,,,,
10/23/2020,0.08,0.01,0.07,0.09,0.09,99.91,1.66,7.9,,,,,
10/26/2020,0.09,0.01,0.08,0.09,0.09,99.91,1.63,7.9,,,,,
10/27/2020,0.09,0,0.09,0.08,0.09,99.91,1.64,7.9,,,,,
10/28/2020,0.08,-0.01,0.09,0.09,0.09,99.91,1.61,7.9,,,,,
10/29/2020,0.09,0.01,0.08,0.09,0.09,99.91,1.61,7.9,,,,,
10/30/2020,0.09,0,0.09,0.11,0.09,99.91,1.59,7.9,,,,,
11/02/2020,0.11,0.02,0.09,0.1,0.09,99.91,1.6,7.9,,,,,
11/03/2020,0.1,-0.01,0.11,0.1,0.09,99.92,1.62,7.9,,,,,
11/04/2020,0.1,0,0.1,0.11,0.09,99.91,1.56,7.9,,,,,
11/05/2020,0.11,0.01,0.1,0.1,0.09,99.91,1.55,7.9,,,,,
11/06/2020,0.1,-0.01,0.11,0.1,0.09,99.91,1.54,6.9,,,,,
11/09/2020,0.1,0,0.1,0.1,0.09,99.91,1.63,6.9,,,,,
11/10/2020,0.1,0,0.1,0.09,0.09,99.91,1.69,6.9,,,,,
11/12/2020,0.09,-0.01,0.1,0.09,0.09,99.91,1.63,6.9,,,,,
11/13/2020,0.09,0,0.09,0.1,0.09,99.91,1.64,6.9,,,,,
11/16/2020,0.1,0.01,0.09,0.09,0.09,99.91,1.64,6.9,,,,,
11/17/2020,0.09,-0.01,0.1,0.07,0.09,99.91,1.63,6.9,,,,,
11/18/2020,0.07,-0.02,0.09,0.06,0.09,99.91,1.63,6.9,,,,,
11/19/2020,0.06,-0.01,0.07,0.05,0.08,99.91,1.62,6.9,,,,,
11/20/2020,0.05,-0.01,0.06,0.05,0.08,99.91,1.61,6.9,,,,,
11/23/2020,0.05,0,0.05,0.07,0.08,99.91,1.62,6.9,,,,,
11/24/2020,0.07,0.02,0.05,0.08,0.08,99.91,1.65,6.9,,,,,
11/25/2020,0.08,0.01,0.07,0.08,0.08,99.91,1.67,6.9,,,,,
11/27/2020,0.08,0,0.08,0.09,0.08,99.91,1.67,6.9,,,,,
11/30/2020,0.09,0.01,0.08,0.08,0.09,99.91,1.68,6.9,,,,,
12/01/2020,0.08,-0.01,0.09,0.08,0.09,99.92,1.72,6.9,,,,,
12/02/2020,0.08,0,0.08,0.08,0.09,99.91,1.76,6.9,,,,,
12/03/2020,0.08,0,0.08,0.09,0.09,99.91,1.78,6.9,,,,,
12/04/2020,0.09,0.01,0.08,0.08,0.09,99.91,1.83,6.7,,,,,
12/07/2020,0.08,-0.01,0.09,0.07,0.09,99.91,1.84,6.7,,,,,
12/08/2020,0.07,-0.01,0.08,0.08,0.09,99.91,1.84,6.7,,,,,
12/09/2020,0.08,0.01,0.07,0.08,0.09,99.91,1.84,6.7,,,,,
12/10/2020,0.08,0,0.08,0.08,0.09,99.91,1.83,6.7,,,,,
12/11/2020,0.08,0,0.08,0.08,0.09,99.91,1.82,6.7,,,,,
12/14/2020,0.08,0,0.08,0.09,0.09,99.91,1.84,6.7,,,,,
12/15/2020,0.09,0.01,0.08,0.09,0.09,99.91,1.86,6.7,,,,,
12/16/2020,0.09,0,0.09,0.09,0.09,99.91,1.9,6.7,,,,,
12/17/2020,0.09,0,0.09,0.09,0.09,99.91,1.9,6.7,,,,,
12/18/2020,0.09,0,0.09,0.09,0.09,99.91,1.92,6.7,,,,,
12/21/2020,0.09,0,0.09,0.07,0.09,99.91,1.9,6.7,,,,,
12/22/2020,0.07,-0.02,0.09,0.06,0.09,99.91,1.92,6.7,,,,,
12/23/2020,0.06,-0.01,0.07,0.08,0.09,99.91,1.93,6.7,,,,,
12/24/2020,0.08,0.02,0.06,0.09,0.09,99.91,1.92,6.7,,,,,
12/28/2020,0.09,0.01,0.08,0.1,0.09,99.91,1.92,6.7,,,,,
12/29/2020,0.1,0.01,0.09,0.09,0.09,99.91,1.9,6.7,,,,,
12/30/2020,0.09,-0.01,0.1,0.07,0.09,99.91,1.92,6.7,,,,,
12/31/2020,0.07,-0.02,0.09,0.1,0.09,99.91,1.95,6.7,,,,,
01/04/2021,0.1,0.03,0.07,0.11,0.09,99.92,1.98,6.7,,,,,
01/05/2021,0.11,0.01,0.1,0.1,0.09,99.91,2.01,6.7,,,,,
01/06/2021,0.1,-0.01,0.11,0.1,0.09,99.91,2.04,6.7,,,,,
01/07/2021,0.1,0,0.1,0.09,0.09,99.91,2.09,6.7,,,,,
01/08/2021,0.09,-0.01,0.1,0.09,0.09,99.91,2.07,6.7,,,,,
01/11/2021,0.09,0,0.09,0.08,0.09,99.91,2.04,6.7,,,,,
01/12/2021,0.08,-0.01,0.09,0.08,0.09,99.91,2.06,6.7,,,,,
01/13/2021,0.08,0,0.08,0.08,0.09,99.91,2.04,6.7,,,,,
01/14/2021,0.08,0,0.08,0.08,0.09,99.91,2.09,6.7,,,,,
01/15/2021,0.08,0,0.08,0.07,0.09,99.91,2.09,6.7,,,,,
01/19/2021,0.07,-0.01,0.08,0.06,0.09,99.91,2.12,6.7,,,,,
01/20/2021,0.06,-0.01,0.07,0.04,0.09,99.91,2.15,6.7,,,,,
01/21/2021,0.04,-0.02,0.06,0.05,0.08,99.91,2.18,6.7,,,,,
01/22/2021,0.05,0.01,0.04,0.06,0.08,99.91,2.16,6.7,,,,,
01/25/2021,0.06,0.01,0.05,0.03,0.08,99.91,2.15,6.7,,,,,
01/26/2021,0.03,-0.03,0.06,0.03,0.08,99.91,2.15,6.7,,,,,
01/27/2021,0.03,0,0.03,0.04,0.08,99.91,2.15,6.7,,,,,
01/28/2021,0.04,0.01,0.03,0.06,0.07,99.91,2.18,6.7,,,,,
01/29/2021,0.06,0.02,0.04,0.07,0.07,99.92,2.21,6.7,,,,,
02/01/2021,0.07,0.01,0.06,0.07,0.08,99.93,2.18,6.7,,,,,
02/02/2021,0.07,0,0.07,0.07,0.08,99.93,2.23,6.7,,,,,
02/03/2021,0.07,0,0.07,0.05,0.08,99.93,2.27,6.7,,,,,
02/04/2021,0.05,-0.02,0.07,0.02,0.08,99.94,2.25,6.7,,,,,
02/05/2021,0.02,-0.03,0.05,0.02,0.08,99.94,2.28,6.3,,,,,
02/08/2021,0.02,0,0.02,0.05,0.07,99.94,2.31,6.3,,,,,
02/09/2021,0.05,0.03,0.02,0.06,0.08,99.93,2.31,6.3,,,,,
02/10/2021,0.06,0.01,0.05,0.06,0.08,99.93,2.31,6.3,,,,,
02/11/2021,0.06,0,0.06,0.05,0.08,99.92,2.32,6.3,,,,,
02/12/2021,0.05,-0.01,0.06,0.06,0.08,99.93,2.35,6.3,,,,,
02/16/2021,0.06,0.01,0.05,0.06,0.08,99.93,2.37,6.3,,,,,
02/17/2021,0.06,0,0.06,0.03,0.08,99.93,2.35,6.3,,,,,
02/18/2021,0.03,-0.03,0.06,0.02,0.07,99.92,2.29,6.3,,,,,
02/19/2021,0.02,-0.01,0.03,0.03,0.07,99.93,2.29,6.3,,,,,
02/22/2021,0.03,0.01,0.02,0.01,0.07,99.92,2.35,6.3,,,,,
02/23/2021,0.01,-0.02,0.03,0.02,0.07,99.92,2.35,6.3,,,,,
02/24/2021,0.02,0.01,0.01,0.03,0.07,99.92,2.38,6.3,,,,,
02/25/2021,0.03,0.01,0.02,0.01,0.07,99.92,2.34,6.3,,,,,
02/26/2021,0.01,-0.02,0.03,0.02,0.07,99.92,2.39,6.3,,,,,
03/01/2021,0.02,0.01,0.01,0.04,0.07,99.93,2.4,6.3,,,,,
03/02/2021,0.04,0.02,0.02,0.04,0.07,99.93,2.43,6.3,,,,,
03/03/2021,0.04,0,0.04,0.02,0.07,99.93,2.45,6.3,,,,,
03/04/2021,0.02,-0.02,0.04,0.02,0.07,99.93,2.43,6.3,,,,,
03/05/2021,0.02,0,0.02,0.02,0.07,99.94,2.43,6.2,,,,,
03/08/2021,0.02,0,0.02,0.02,0.07,99.93,2.42,6.2,,,,,
03/09/2021,0.02,0,0.02,0.02,0.07,99.93,2.41,6.2,,,,,
03/10/2021,0.02,0,0.02,0.01,0.07,99.93,2.47,6.2,,,,,
03/11/2021,0.01,-0.01,0.02,0.01,0.07,99.93,2.51,6.2,,,,,
03/12/2021,0.01,0,0.01,0.01,0.07,99.93,2.51,6.2,,,,,
03/15/2021,0.01,0,0.01,0.01,0.07,99.93,2.54,6.2,,,,,
03/16/2021,0.01,0,0.01,0.01,0.07,99.93,2.59,6.2,,,,,
03/17/2021,0.01,0,0.01,0.01,0.07,99.93,2.58,6.2,,,,,
03/18/2021,0.01,0,0.01,0.01,0.07,99.93,2.5,6.2,,,,,
03/19/2021,0.01,0,0.01,0.01,0.07,99.93,2.51,6.2,,,,,
03/22/2021,0.01,0,0.01,0.01,0.07,99.93,2.51,6.2,,,,,
03/23/2021,0.01,0,0.01,0.01,0.07,99.93,2.48,6.2,,,,,
03/24/2021,0.01,0,0.01,0.01,0.07,99.93,2.53,6.2,,,,,
03/25/2021,0.01,0,0.01,0.01,0.07,99.93,2.54,6.2,,,,,
03/26/2021,0.01,0,0.01,0.01,0.07,99.93,2.57,6.2,,,,,
03/29/2021,0.01,0,0.01,0.01,0.07,99.93,2.56,6.2,,,,,
03/30/2021,0.01,0,0.01,0.01,0.07,99.93,2.52,6.2,,,,,
03/31/2021,0.01,0,0.01,0.01,0.06,99.93,2.54,6.2,,,,,
04/01/2021,0.01,0,0.01,0.01,0.07,99.94,2.55,6.2,,,,,
04/05/2021,0.01,0,0.01,0.01,0.07,99.94,2.55,6.1,,,,,
04/06/2021,0.01,0,0.01,0.01,0.07,99.93,2.52,6.1,,,,,
04/07/2021,0.01,0,0.01,0.01,0.07,99.94,2.53,6.1,,,,,
04/08/2021,0.01,0,0.01,0.01,0.07,99.93,2.55,6.1,,,,,
04/09/2021,0.01,0,0.01,0.01,0.07,99.93,2.51,6.1,,,,,
04/12/2021,0.01,0,0.01,0.01,0.07,99.93,2.52,6.1,,,,,
04/13/2021,0.01,0,0.01,0.01,0.07,99.93,2.54,6.1,,,,,
04/14/2021,0.01,0,0.01,0.01,0.07,99.93,2.56,6.1,,,,,
04/15/2021,0.01,0,0.01,0.01,0.07,99.93,2.55,6.1,,,,,
04/16/2021,0.01,0,0.01,0.01,0.07,99.93,2.57,6.1,,,,,
04/19/2021,0.01,0,0.01,0.01,0.07,99.93,2.56,6.1,,,,,
04/20/2021,0.01,0,0.01,0.01,0.07,99.93,2.52,6.1,,,,,
04/21/2021,0.01,0,0.01,0.01,0.07,99.93,2.53,6.1,,,,,
04/22/2021,0.01,0,0.01,0.01,0.07,99.93,2.42,6.1,,,,,
04/23/2021,0.01,0,0.01,0.01,0.07,99.93,2.44,6.1,,,,,
04/26/2021,0.01,0,0.01,0.01,0.07,99.93,2.47,6.1,,,,,
04/27/2021,0.01,0,0.01,0.01,0.07,99.93,2.51,6.1,,,,,
04/28/2021,0.01,0,0.01,0.01,0.07,99.93,2.54,6.1,,,,,
04/29/2021,0.01,0,0.01,0.01,0.06,99.93,2.56,6.1,,,,,
04/30/2021,0.01,0,0.01,0.01,0.05,99.93,2.57,6.1,,,,,
05/03/2021,0.01,0,0.01,0.01,0.06,99.92,2.6,6.1,,,,,
05/04/2021,0.01,0,0.01,0.01,0.06,99.93,2.62,6.1,,,,,
05/05/2021,0.01,0,0.01,0.01,0.06,99.93,2.68,6.1,,,,,
05/06/2021,0.01,0,0.01,0.01,0.06,99.94,2.66,6.1,,,,,
05/07/2021,0.01,0,0.01,0.01,0.06,99.94,2.65,6.1,,,,,
05/10/2021,0.01,0,0.01,0.01,0.06,99.94,2.71,6.1,,,,,
05/11/2021,0.01,0,0.01,0.01,0.06,99.94,2.68,6.1,,,,,
05/12/2021,0.01,0,0.01,0.01,0.06,99.94,2.72,6.1,,,,,
05/13/2021,0.01,0,0.01,0.01,0.06,99.94,2.65,6.1,,,,,
05/14/2021,0.01,0,0.01,0.01,0.06,99.94,2.68,6.1,,,,,
05/17/2021,0.01,0,0.01,0.01,0.06,99.94,2.72,6.1,,,,,
05/18/2021,0.01,0,0.01,0.01,0.06,99.94,2.72,6.1,,,,,
05/19/2021,0.01,0,0.01,0.01,0.06,99.94,2.66,6.1,,,,,
05/20/2021,0.01,0,0.01,0.01,0.06,99.94,2.59,6.1,,,,,
05/21/2021,0.01,0,0.01,0.01,0.06,99.94,2.62,6.1,,,,,
05/24/2021,0.01,0,0.01,0.01,0.06,99.94,2.64,6.1,,,,,
05/25/2021,0.01,0,0.01,0.01,0.06,99.94,2.63,6.1,,,,,
05/26/2021,0.01,0,0.01,0.01,0.06,99.94,2.6,6.1,,,,,
05/27/2021,0.01,0,0.01,0.01,0.06,99.94,2.59,6.1,,,,,
05/28/2021,0.01,0,0.01,0.01,0.05,99.94,2.57,6.1,,,,,
06/01/2021,0.01,0,0.01,0.01,0.06,99.93,2.6,6.1,,,,,
06/02/2021,0.01,0,0.01,0.01,0.06,99.93,2.59,6.1,,,,,
06/03/2021,0.01,0,0.01,0.01,0.06,99.93,2.56,6.1,,,,,
06/04/2021,0.01,0,0.01,0.01,0.06,99.93,2.54,5.8,,,,,
06/07/2021,0.01,0,0.01,0.01,0.06,99.94,2.51,5.8,,,,,
06/08/2021,0.01,0,0.01,0.01,0.06,99.94,2.47,5.8,,,,,
06/09/2021,0.01,0,0.01,0.01,0.06,99.94,2.41,5.8,,,,,
06/10/2021,0.01,0,0.01,0.01,0.06,99.94,2.47,5.8,,,,,
06/11/2021,0.01,0,0.01,0.01,0.06,99.94,2.43,5.8,,,,,
06/14/2021,0.01,0,0.01,0.01,0.06,99.93,2.44,5.8,,,,,
06/15/2021,0.01,0,0.01,0.01,0.06,99.93,2.46,5.8,,,,,
06/16/2021,0.01,0,0.01,0.05,0.06,99.92,2.41,5.8,,,,,
06/17/2021,0.05,0.04,0.01,0.05,0.1,99.92,2.31,5.8,,,,,
06/18/2021,0.05,0,0.05,0.05,0.1,99.92,2.37,5.8,,,,,
06/21/2021,0.05,0,0.05,0.05,0.1,99.92,2.41,5.8,,,,,
06/22/2021,0.05,0,0.05,0.05,0.1,99.92,2.46,5.8,,,,,
06/23/2021,0.05,0,0.05,0.05,0.1,99.92,2.49,5.8,,,,,
06/24/2021,0.05,0,0.05,0.05,0.1,99.92,2.45,5.8,,,,,
06/25/2021,0.05,0,0.05,0.05,0.1,99.92,2.46,5.8,,,,,
06/28/2021,0.05,0,0.05,0.05,0.1,99.92,2.45,5.8,,,,,
06/29/2021,0.05,0,0.05,0.05,0.1,99.92,2.46,5.8,,,,,
06/30/2021,0.05,0,0.05,0.05,0.08,99.92,2.47,5.8,,,,,
07/01/2021,0.05,0,0.05,0.05,0.1,99.9,2.49,5.8,,,,,
07/02/2021,0.05,0,0.05,0.05,0.1,99.9,2.49,5.9,,,,,
07/06/2021,0.05,0,0.05,0.05,0.1,99.91,2.48,5.9,,,,,
07/07/2021,0.05,0,0.05,0.05,0.1,99.91,2.43,5.9,,,,,
07/08/2021,0.05,0,0.05,0.05,0.1,99.9,2.38,5.9,,,,,
07/09/2021,0.05,0,0.05,0.05,0.1,99.9,2.44,5.9,,,,,
07/12/2021,0.05,0,0.05,0.05,0.1,99.9,2.48,5.9,,,,,
07/13/2021,0.05,0,0.05,0.05,0.1,99.91,2.56,5.9,,,,,
07/14/2021,0.05,0,0.05,0.05,0.1,99.9,2.53,5.9,,,,,
07/15/2021,0.05,0,0.05,0.05,0.1,99.9,2.53,5.9,,,,,
07/16/2021,0.05,0,0.05,0.05,0.1,99.9,2.52,5.9,,,,,
07/19/2021,0.05,0,0.05,0.05,0.1,99.9,2.41,5.9,,,,,
07/20/2021,0.05,0,0.05,0.05,0.1,99.9,2.4,5.9,,,,,
07/21/2021,0.05,0,0.05,0.05,0.1,99.9,2.45,5.9,,,,,
07/22/2021,0.05,0,0.05,0.05,0.1,99.9,2.46,5.9,,,,,
07/23/2021,0.05,0,0.05,0.05,0.1,99.9,2.53,5.9,,,,,
07/26/2021,0.05,0,0.05,0.05,0.1,99.9,2.59,5.9,,,,,
07/27/2021,0.05,0,0.05,0.05,0.1,99.9,2.55,5.9,,,,,
07/28/2021,0.05,0,0.05,0.05,0.1,99.9,2.57,5.9,,,,,
07/29/2021,0.05,0,0.05,0.05,0.1,99.9,2.58,5.9,,,,,
07/30/2021,0.05,0,0.05,0.05,0.07,99.9,2.56,5.9,,,,,
08/02/2021,0.05,0,0.05,0.05,0.1,99.91,2.51,5.9,,,,,
08/03/2021,0.05,0,0.05,0.05,0.1,99.91,2.51,5.9,,,,,
08/04/2021,0.05,0,0.05,0.05,0.1,99.91,2.5,5.9,,,,,
08/05/2021,0.05,0,0.05,0.05,0.1,99.9,2.46,5.9,,,,,
08/06/2021,0.05,0,0.05,0.05,0.1,99.9,2.5,5.4,,,,,
08/09/2021,0.05,0,0.05,0.05,0.1,99.9,2.5,5.4,,,,,
08/10/2021,0.05,0,0.05,0.05,0.1,99.9,2.53,5.4,,,,,
08/11/2021,0.05,0,0.05,0.05,0.1,99.9,2.55,5.4,,,,,
08/12/2021,0.05,0,0.05,0.05,0.1,99.9,2.55,5.4,,,,,
08/13/2021,0.05,0,0.05,0.05,0.1,99.9,2.52,5.4,,,,,
08/16/2021,0.05,0,0.05,0.05,0.1,99.9,2.5,5.4,,,,,
08/17/2021,0.05,0,0.05,0.05,0.1,99.91,2.49,5.4,,,,,
08/18/2021,0.05,0,0.05,0.05,0.09,99.9,2.48,5.4,,,,,
08/19/2021,0.05,0,0.05,0.05,0.09,99.91,2.45,5.4,,,,,
08/20/2021,0.05,0,0.05,0.05,0.09,99.91,2.4,5.4,,,,,
08/23/2021,0.05,0,0.05,0.05,0.09,99.91,2.43,5.4,,,,,
08/24/2021,0.05,0,0.05,0.05,0.09,99.91,2.45,5.4,,,,,
08/25/2021,0.05,0,0.05,0.05,0.09,99.91,2.51,5.4,,,,,
08/26/2021,0.05,0,0.05,0.05,0.09,99.91,2.5,5.4,,,,,
08/27/2021,0.05,0,0.05,0.05,0.08,99.91,2.53,5.4,,,,,
08/30/2021,0.05,0,0.05,0.05,0.08,99.91,2.51,5.4,,,,,
08/31/2021,0.05,0,0.05,0.05,0.06,99.91,2.48,5.4,,,,,
09/01/2021,0.05,0,0.05,0.05,0.08,99.92,2.48,5.4,,,,,
09/02/2021,0.05,0,0.05,0.05,0.08,99.92,2.47,5.4,,,,,
09/03/2021,0.05,0,0.05,0.05,0.08,99.92,2.48,5.2,,,,,
09/07/2021,0.05,0,0.05,0.05,0.08,99.92,2.51,5.2,,,,,
09/08/2021,0.05,0,0.05,0.05,0.08,99.92,2.53,5.2,,,,,
09/09/2021,0.05,0,0.05,0.05,0.08,99.92,2.55,5.2,,,,,
09/10/2021,0.05,0,0.05,0.05,0.08,99.92,2.55,5.2,,,,,
09/13/2021,0.05,0,0.05,0.05,0.08,99.92,2.53,5.2,,,,,
09/14/2021,0.05,0,0.05,0.05,0.08,99.92,2.49,5.2,,,,,
09/15/2021,0.05,0,0.05,0.05,0.08,99.92,2.51,5.2,,,,,
09/16/2021,0.05,0,0.05,0.05,0.08,99.92,2.53,5.2,,,,,
09/17/2021,0.05,0,0.05,0.05,0.08,99.92,2.51,5.2,,,,,
09/20/2021,0.05,0,0.05,0.05,0.08,99.92,2.43,5.2,,,,,
09/21/2021,0.05,0,0.05,0.05,0.08,99.92,2.44,5.2,,,,,
09/22/2021,0.05,0,0.05,0.05,0.08,99.92,2.41,5.2,,,,,
09/23/2021,0.05,0,0.05,0.05,0.08,99.92,2.48,5.2,,,,,
09/24/2021,0.05,0,0.05,0.05,0.08,99.92,2.47,5.2,,,,,
09/27/2021,0.05,0,0.05,0.05,0.08,99.92,2.5,5.2,,,,,
09/28/2021,0.05,0,0.05,0.05,0.08,99.92,2.53,5.2,,,,,
09/29/2021,0.05,0,0.05,0.05,0.08,99.92,2.52,5.2,,,,,
09/30/2021,0.05,0,0.05,0.05,0.06,99.92,2.51,5.2,,,,,
10/01/2021,0.05,0,0.05,0.05,0.08,99.92,2.51,4.8,,,,,
10/04/2021,0.05,0,0.05,0.05,0.08,99.92,2.53,4.8,,,,,
10/05/2021,0.05,0,0.05,0.05,0.08,99.92,2.59,4.8,,,,,
10/06/2021,0.05,0,0.05,0.05,0.08,99.92,2.57,4.8,,,,,
10/07/2021,0.05,0,0.05,0.05,0.08,99.92,2.61,4.8,,,,,
10/08/2021,0.05,0,0.05,0.05,0.08,99.92,2.64,4.8,,,,,
10/12/2021,0.05,0,0.05,0.05,0.08,99.92,2.64,4.8,,,,,
10/13/2021,0.05,0,0.05,0.05,0.08,99.92,2.68,4.8,,,,,
10/14/2021,0.05,0,0.05,0.05,0.08,99.92,2.69,4.8,,,,,
10/15/2021,0.05,0,0.05,0.05,0.08,99.92,2.71,4.8,,,,,
10/18/2021,0.05,0,0.05,0.03,0.08,99.92,2.71,4.8,,,,,
10/19/2021,0.03,-0.02,0.05,0.03,0.08,99.92,2.71,4.8,,,,,
10/20/2021,0.03,0,0.03,0.03,0.08,99.92,2.77,4.8,,,,,
10/21/2021,0.03,0,0.03,0.05,0.08,99.92,2.94,4.8,,,,,
10/22/2021,0.05,0.02,0.03,0.04,0.08,99.92,2.91,4.8,,,,,
10/25/2021,0.04,-0.01,0.05,0.05,0.08,99.92,2.95,4.8,,,,,
10/26/2021,0.05,0.01,0.04,0.05,0.08,99.92,2.99,4.8,,,,,
10/27/2021,0.05,0,0.05,0.05,0.08,99.92,2.96,4.8,,,,,
10/28/2021,0.05,0,0.05,0.05,0.08,99.92,2.9,4.8,,,,,
10/29/2021,0.05,0,0.05,0.05,0.07,99.92,2.89,4.8,,,,,
11/01/2021,0.05,0,0.05,0.05,0.08,99.92,2.86,4.8,,,,,
11/02/2021,0.05,0,0.05,0.05,0.08,99.92,2.84,4.8,,,,,
11/03/2021,0.05,0,0.05,0.05,0.08,99.92,2.86,4.8,,,,,
11/04/2021,0.05,0,0.05,0.05,0.08,99.92,2.88,4.8,,,,,
11/05/2021,0.05,0,0.05,0.05,0.08,99.92,2.87,4.5,,,,,
11/08/2021,0.05,0,0.05,0.05,0.08,99.92,2.94,4.5,,,,,
11/09/2021,0.05,0,0.05,0.05,0.08,99.92,2.96,4.5,,,,,
11/10/2021,0.05,0,0.05,0.05,0.08,99.92,3.08,4.5,,,,,
11/12/2021,0.05,0,0.05,0.05,0.08,99.92,3.11,4.5,,,,,
11/15/2021,0.05,0,0.05,0.05,0.08,99.92,3.17,4.5,,,,,
11/16/2021,0.05,0,0.05,0.05,0.08,99.92,3.17,4.5,,,,,
11/17/2021,0.05,0,0.05,0.05,0.08,99.92,3.14,4.5,,,,,
11/18/2021,0.05,0,0.05,0.05,0.08,99.92,3.11,4.5,,,,,
11/19/2021,0.05,0,0.05,0.05,0.08,99.92,3.02,4.5,,,,,
11/22/2021,0.05,0,0.05,0.05,0.08,99.92,2.98,4.5,,,,,
11/23/2021,0.05,0,0.05,0.05,0.08,99.92,3,4.5,,,,,
11/24/2021,0.05,0,0.05,0.05,0.08,99.92,3.03,4.5,,,,,
11/26/2021,0.05,0,0.05,0.05,0.08,99.92,2.92,4.5,,,,,
11/29/2021,0.05,0,0.05,0.05,0.08,99.92,2.91,4.5,,,,,
11/30/2021,0.05,0,0.05,0.05,0.07,99.92,2.8,4.5,,,,,
12/01/2021,0.05,0,0.05,0.05,0.08,99.92,2.7,4.5,,,,,
12/02/2021,0.05,0,0.05,0.05,0.08,99.92,2.73,4.5,,,,,
12/03/2021,0.05,0,0.05,0.05,0.08,99.92,2.72,4.2,,,,,
12/06/2021,0.05,0,0.05,0.05,0.08,99.92,2.79,4.2,,,,,
12/07/2021,0.05,0,0.05,0.05,0.08,99.92,2.84,4.2,,,,,
12/08/2021,0.05,0,0.05,0.05,0.08,99.92,2.88,4.2,,,,,
12/09/2021,0.05,0,0.05,0.05,0.08,99.92,2.8,4.2,,,,,
12/10/2021,0.05,0,0.05,0.05,0.08,99.92,2.76,4.2,,,,,
12/13/2021,0.05,0,0.05,0.05,0.08,99.92,2.73,4.2,,,,,
12/14/2021,0.05,0,0.05,0.05,0.08,99.92,2.66,4.2,,,,,
12/15/2021,0.05,0,0.05,0.05,0.08,99.92,2.67,4.2,,,,,
12/16/2021,0.05,0,0.05,0.05,0.08,99.92,2.7,4.2,,,,,
12/17/2021,0.05,0,0.05,0.04,0.08,99.92,2.65,4.2,,,,,
12/20/2021,0.04,-0.01,0.05,0.05,0.08,99.92,2.65,4.2,,,,,
12/21/2021,0.05,0.01,0.04,0.05,0.08,99.92,2.69,4.2,,,,,
12/22/2021,0.05,0,0.05,0.05,0.08,99.92,2.7,4.2,,,,,
12/23/2021,0.05,0,0.05,0.05,0.08,99.92,2.72,4.2,,,,,
12/27/2021,0.05,0,0.05,0.05,0.08,99.92,2.75,4.2,,,,,
12/28/2021,0.05,0,0.05,0.05,0.08,99.92,2.78,4.2,,,,,
12/29/2021,0.05,0,0.05,0.05,0.08,99.92,2.83,4.2,,,,,
12/30/2021,0.05,0,0.05,0.05,0.08,99.92,2.86,4.2,,,,,
12/31/2021,0.05,0,0.05,0.05,0.07,99.92,2.87,4.2,,,,,
01/03/2022,0.05,0,0.05,0.05,0.08,99.92,2.95,4.2,,,,,
01/04/2022,0.05,0,0.05,0.05,0.08,99.92,2.93,4.2,,,,,
01/05/2022,0.05,0,0.05,0.05,0.08,99.92,2.87,4.2,,,,,
01/06/2022,0.05,0,0.05,0.05,0.08,99.92,2.77,4.2,,,,,
01/07/2022,0.05,0,0.05,0.05,0.08,99.92,2.78,3.9,,,,,
01/10/2022,0.05,0,0.05,0.05,0.08,99.92,2.77,3.9,,,,,
01/11/2022,0.05,0,0.05,0.05,0.08,99.92,2.87,3.9,,,,,
01/12/2022,0.05,0,0.05,0.05,0.08,99.92,2.82,3.9,,,,,
01/13/2022,0.05,0,0.05,0.05,0.08,99.92,2.77,3.9,,,,,
01/14/2022,0.05,0,0.05,0.05,0.08,99.92,2.79,3.9,,,,,
01/18/2022,0.05,0,0.05,0.05,0.08,99.92,2.8,3.9,,,,,
01/19/2022,0.05,0,0.05,0.04,0.08,99.92,2.73,3.9,,,,,
01/20/2022,0.04,-0.01,0.05,0.05,0.08,99.92,2.74,3.9,,,,,
01/21/2022,0.05,0.01,0.04,0.04,0.08,99.92,2.7,3.9,,,,,
01/24/2022,0.04,-0.01,0.05,0.05,0.08,99.92,2.74,3.9,,,,,
01/25/2022,0.05,0.01,0.04,0.04,0.08,99.92,2.78,3.9,,,,,
01/26/2022,0.04,-0.01,0.05,0.04,0.08,99.92,2.75,3.9,,,,,
01/27/2022,0.04,0,0.04,0.05,0.08,99.92,2.76,3.9,,,,,
01/28/2022,0.05,0.01,0.04,0.05,0.08,99.92,2.8,3.9,,,,,
01/31/2022,0.05,0,0.05,0.05,0.08,99.92,2.82,3.9,,,,,
02/01/2022,0.05,0,0.05,0.05,0.08,99.92,2.8,3.9,,,,,
02/02/2022,0.05,0,0.05,0.05,0.08,99.92,2.79,3.9,,,,,
02/03/2022,0.05,0,0.05,0.05,0.08,99.92,2.76,3.9,,,,,
02/04/2022,0.05,0,0.05,0.05,0.08,99.91,2.78,4,,,,,
02/07/2022,0.05,0,0.05,0.05,0.08,99.91,2.75,4,,,,,
02/08/2022,0.05,0,0.05,0.04,0.08,99.91,2.77,4,,,,,
02/09/2022,0.04,-0.01,0.05,0.05,0.08,99.92,2.78,4,,,,,
02/10/2022,0.05,0.01,0.04,0.05,0.08,99.88,2.81,4,,,,,
02/11/2022,0.05,0,0.05,0.05,0.08,99.9,2.82,4,,,,,
02/14/2022,0.05,0,0.05,0.05,0.08,99.91,2.91,4,,,,,
02/15/2022,0.05,0,0.05,0.05,0.08,99.92,2.89,4,,,,,
02/16/2022,0.05,0,0.05,0.05,0.08,99.92,2.87,4,,,,,
02/17/2022,0.05,0,0.05,0.05,0.08,99.92,2.87,4,,,,,
02/18/2022,0.05,0,0.05,0.05,0.08,99.92,2.86,4,,,,,
02/22/2022,0.05,0,0.05,0.05,0.08,99.92,2.89,4,,,,,
02/23/2022,0.05,0,0.05,0.05,0.08,99.92,3.01,4,,,,,
02/24/2022,0.05,0,0.05,0.05,0.08,99.92,3.05,4,,,,,
02/25/2022,0.05,0,0.05,0.05,0.08,99.92,3.02,4,,,,,
02/28/2022,0.05,0,0.05,0.05,0.08,99.92,3.11,4,,,,,
03/01/2022,0.05,0,0.05,0.05,0.08,99.79,3.14,4,,,,,
03/02/2022,0.05,0,0.05,0.05,0.08,99.79,3.23,4,,,,,
03/03/2022,0.05,0,0.05,0.05,0.08,99.79,3.17,4,,,,,
03/04/2022,0.05,0,0.05,0.05,0.08,99.8,3.19,3.8,,,,,
03/07/2022,0.05,0,0.05,0.05,0.08,99.8,3.29,3.8,,,,,
03/08/2022,0.05,0,0.05,0.05,0.08,99.8,3.43,3.8,,,,,
03/09/2022,0.05,0,0.05,0.05,0.08,99.78,3.33,3.8,,,,,
03/10/2022,0.05,0,0.05,0.05,0.08,99.8,3.42,3.8,,,,,
03/11/2022,0.05,0,0.05,0.05,0.08,99.8,3.52,3.8,,,,,
03/14/2022,0.05,0,0.05,0.05,0.08,99.78,3.5,3.8,,,,,
03/15/2022,0.05,0,0.05,0.05,0.08,99.78,3.42,3.8,,,,,
03/16/2022,0.05,0,0.05,0.3,0.08,99.8,3.34,3.8,,,,,
03/17/2022,0.3,0.25,0.05,0.3,0.33,99.8,3.51,3.8,,,,,
03/18/2022,0.3,0,0.3,0.29,0.33,99.8,3.48,3.8,,,,,
03/21/2022,0.29,-0.01,0.3,0.28,0.33,99.8,3.52,3.8,,,,,
03/22/2022,0.28,-0.01,0.29,0.27,0.33,99.8,3.52,3.8,,,,,
03/23/2022,0.27,-0.01,0.28,0.27,0.33,99.8,3.57,3.8,,,,,
03/24/2022,0.27,0,0.27,0.28,0.33,99.8,3.57,3.8,,,,,
03/25/2022,0.28,0.01,0.27,0.28,0.33,99.8,3.59,3.8,,,,,
03/28/2022,0.28,0,0.28,0.28,0.33,99.8,3.56,3.8,,,,,
03/29/2022,0.28,0,0.28,0.27,0.33,99.8,3.4,3.8,,,,,
03/30/2022,0.27,-0.01,0.28,0.29,0.33,99.8,3.41,3.8,,,,,
03/31/2022,0.29,0.02,0.27,0.3,0.33,99.8,3.34,3.8,,,,,
04/01/2022,0.3,0.01,0.29,0.3,0.33,99.66,3.28,3.6,,,,,
04/04/2022,0.3,0,0.3,0.3,0.33,99.66,3.28,3.6,,,,,
04/05/2022,0.3,0,0.3,0.3,0.33,99.66,3.31,3.6,,,,,
04/06/2022,0.3,0,0.3,0.3,0.33,99.66,3.28,3.6,,,,,
04/07/2022,0.3,0,0.3,0.3,0.33,99.66,3.26,3.6,,,,,
04/08/2022,0.3,0,0.3,0.3,0.33,99.66,3.33,3.6,,,,,
04/11/2022,0.3,0,0.3,0.29,0.33,99.66,3.37,3.6,,,,,
04/12/2022,0.29,-0.01,0.3,0.29,0.33,99.67,3.31,3.6,,,,,
04/13/2022,0.29,0,0.29,0.29,0.33,99.67,3.25,3.6,,,,,
04/14/2022,0.29,0,0.29,0.29,0.33,99.67,3.33,3.6,,,,,
04/18/2022,0.29,0,0.29,0.28,0.33,99.67,3.36,3.6,,,,,
04/19/2022,0.28,-0.01,0.29,0.27,0.33,99.67,3.36,3.6,,,,,
04/20/2022,0.27,-0.01,0.28,0.26,0.33,99.67,3.36,3.6,,,,,
04/21/2022,0.26,-0.01,0.27,0.27,0.33,99.67,3.37,3.6,,,,,
04/22/2022,0.27,0.01,0.26,0.27,0.33,99.67,3.37,3.6,,,,,
04/25/2022,0.27,0,0.27,0.27,0.33,99.67,3.27,3.6,,,,,
04/26/2022,0.27,0,0.27,0.28,0.33,99.67,3.25,3.6,,,,,
04/27/2022,0.28,0.01,0.27,0.28,0.33,99.67,3.28,3.6,,,,,
04/28/2022,0.28,0,0.28,0.28,0.33,99.67,3.39,3.6,,,,,
04/29/2022,0.28,0,0.28,0.3,0.33,99.67,3.3,3.6,,,,,
05/02/2022,0.3,0.02,0.28,0.3,0.33,99.22,3.21,3.6,,,,,
05/03/2022,0.3,0,0.3,0.3,0.33,99.22,3.21,3.6,,,,,
05/04/2022,0.3,0,0.3,0.79,0.33,99.23,3.24,3.6,,,,,
05/05/2022,0.79,0.49,0.3,0.78,0.83,99.23,3.23,3.6,,,,,
05/06/2022,0.78,-0.01,0.79,0.78,0.83,99.23,3.22,3.6,,,,,
05/09/2022,0.78,0,0.78,0.78,0.83,99.23,3.06,3.6,,,,,
05/10/2022,0.78,0,0.78,0.78,0.83,99.23,2.92,3.6,,,,,
05/11/2022,0.78,0,0.78,0.79,0.83,99.23,3,3.6,,,,,
05/12/2022,0.79,0.01,0.78,0.79,0.83,99.23,2.89,3.6,,,,,
05/13/2022,0.79,0,0.79,0.8,0.83,99.23,3.03,3.6,,,,,
05/16/2022,0.8,0.01,0.79,0.8,0.83,99.23,3.04,3.6,,,,,
05/17/2022,0.8,0,0.8,0.79,0.83,99.23,3.08,3.6,,,,,
05/18/2022,0.79,-0.01,0.8,0.79,0.83,99.23,3.05,3.6,,,,,
05/19/2022,0.79,0,0.79,0.78,0.83,99.23,2.97,3.6,,,,,
05/20/2022,0.78,-0.01,0.79,0.78,0.83,99.23,2.88,3.6,,,,,
05/23/2022,0.78,0,0.78,0.78,0.83,99.23,2.92,3.6,,,,,
05/24/2022,0.78,0,0.78,0.78,0.83,99.23,2.87,3.6,,,,,
05/25/2022,0.78,0,0.78,0.78,0.83,99.23,2.88,3.6,,,,,
05/26/2022,0.78,0,0.78,0.78,0.83,99.23,2.96,3.6,,,,,
05/27/2022,0.78,0,0.78,0.79,0.83,99.23,2.95,3.6,,,,,
05/31/2022,0.79,0.01,0.78,0.8,0.83,99.23,2.96,3.6,,,,,
06/01/2022,0.8,0.01,0.79,0.79,0.83,98.92,2.96,3.6,,,,,
06/02/2022,0.79,-0.01,0.8,0.78,0.83,98.92,2.97,3.6,,,,,
06/03/2022,0.78,-0.01,0.79,0.78,0.83,98.92,3.04,3.6,,,,,
06/06/2022,0.78,0,0.78,0.77,0.83,98.91,3.05,3.6,,,,,
06/07/2022,0.77,-0.01,0.78,0.76,0.83,98.91,3.03,3.6,,,,,
06/08/2022,0.76,-0.01,0.77,0.75,0.83,98.91,3.06,3.6,,,,,
06/09/2022,0.75,-0.01,0.76,0.75,0.83,98.91,3.08,3.6,,,,,
06/10/2022,0.75,0,0.75,0.73,0.83,98.9,3.13,3.6,,,,,
06/13/2022,0.73,-0.02,0.75,0.69,0.83,98.89,3.11,3.6,,,,,
06/14/2022,0.69,-0.04,0.73,0.7,0.83,98.81,2.88,3.6,,,,,
06/15/2022,0.7,0.01,0.69,1.45,0.83,98.79,3,3.6,,,,,
06/16/2022,1.45,0.75,0.7,1.45,1.58,98.79,2.87,3.6,,,,,
06/17/2022,1.45,0,1.45,1.45,1.58,98.79,2.8,3.6,,,,,
06/21/2022,1.45,0,1.45,1.45,1.58,98.79,2.84,3.6,,,,,
06/22/2022,1.45,0,1.45,1.44,1.58,98.79,2.74,3.6,,,,,
06/23/2022,1.44,-0.01,1.45,1.46,1.58,98.79,2.69,3.6,,,,,
06/24/2022,1.46,0.02,1.44,1.5,1.58,98.8,2.82,3.6,,,,,
06/27/2022,1.5,0.04,1.46,1.52,1.58,98.79,2.79,3.6,,,,,
06/28/2022,1.52,0.02,1.5,1.51,1.58,98.79,2.73,3.6,,,,,
06/29/2022,1.51,-0.01,1.52,1.5,1.58,98.79,2.59,3.6,,,,,
06/30/2022,1.5,-0.01,1.51,1.52,1.58,98.8,2.58,3.6,,,,,
07/01/2022,1.52,0.02,1.5,1.54,1.58,98.33,2.6,3.6,,,,,
07/05/2022,1.54,0.02,1.52,1.54,1.58,98.33,2.51,3.6,,,,,
07/06/2022,1.54,0,1.54,1.54,1.58,98.33,2.48,3.6,,,,,
07/07/2022,1.54,0,1.54,1.53,1.58,98.32,2.53,3.6,,,,,
07/08/2022,1.53,-0.01,1.54,1.53,1.58,98.32,2.62,3.6,,,,,
07/11/2022,1.53,0,1.53,1.54,1.58,98.32,2.56,3.6,,,,,
07/12/2022,1.54,0.01,1.53,1.53,1.58,98.32,2.5,3.6,,,,,
07/13/2022,1.53,-0.01,1.54,1.53,1.58,98.3,2.51,3.6,,,,,
07/14/2022,1.53,0,1.53,1.54,1.58,98.31,2.54,3.6,,,,,
07/15/2022,1.54,0.01,1.53,1.54,1.58,98.31,2.59,3.6,,,,,
07/18/2022,1.54,0,1.54,1.54,1.58,98.31,2.63,3.6,,,,,
07/19/2022,1.54,0,1.54,1.53,1.58,98.31,2.67,3.6,,,,,
07/20/2022,1.53,-0.01,1.54,1.53,1.58,98.31,2.67,3.6,,,,,
07/21/2022,1.53,0,1.53,1.52,1.58,98.32,2.55,3.6,,,,,
07/22/2022,1.52,-0.01,1.53,1.53,1.58,98.32,2.56,3.6,,,,,
07/25/2022,1.53,0.01,1.52,1.53,1.58,98.32,2.58,3.6,,,,,
07/26/2022,1.53,0,1.53,1.53,1.58,98.32,2.56,3.6,,,,,
07/27/2022,1.53,0,1.53,2.28,1.58,98.32,2.61,3.6,,,,,
07/28/2022,2.28,0.75,1.53,2.27,2.33,98.33,2.67,3.6,,,,,
07/29/2022,2.27,-0.01,2.28,2.28,2.32,98.33,2.73,3.6,,,,,
08/01/2022,2.28,0.01,2.27,2.3,2.33,97.67,2.72,3.6,,,,,
08/02/2022,2.3,0.02,2.28,2.29,2.33,97.67,2.69,3.6,,,,,
08/03/2022,2.29,-0.01,2.3,2.29,2.33,97.67,2.72,3.6,,,,,
08/04/2022,2.29,0,2.29,2.28,2.33,97.67,2.64,3.6,,,,,
08/05/2022,2.28,-0.01,2.29,2.28,2.33,97.66,2.64,3.5,,,,,
08/08/2022,2.28,0,2.28,2.29,2.33,97.66,2.65,3.5,,,,,
08/09/2022,2.29,0.01,2.28,2.28,2.33,97.66,2.66,3.5,,,,,
08/10/2022,2.28,-0.01,2.29,2.28,2.33,97.67,2.61,3.5,,,,,
08/11/2022,2.28,0,2.28,2.28,2.33,97.67,2.67,3.5,,,,,
08/12/2022,2.28,0,2.28,2.29,2.33,97.67,2.67,3.5,,,,,
08/15/2022,2.29,0.01,2.28,2.29,2.33,97.67,2.62,3.5,,,,,
08/16/2022,2.29,0,2.29,2.29,2.33,97.67,2.61,3.5,,,,,
08/17/2022,2.29,0,2.29,2.28,2.33,97.67,2.65,3.5,,,,,
08/18/2022,2.28,-0.01,2.29,2.28,2.33,97.67,2.7,3.5,,,,,
08/19/2022,2.28,0,2.28,2.28,2.33,97.67,2.72,3.5,,,,,
08/22/2022,2.28,0,2.28,2.27,2.33,97.67,2.74,3.5,,,,,
08/23/2022,2.27,-0.01,2.28,2.27,2.33,97.67,2.77,3.5,,,,,
08/24/2022,2.27,0,2.27,2.28,2.33,97.67,2.79,3.5,,,,,
08/25/2022,2.28,0.01,2.27,2.28,2.33,97.67,2.77,3.5,,,,,
08/26/2022,2.28,0,2.28,2.28,2.33,97.67,2.73,3.5,,,,,
08/29/2022,2.28,0,2.28,2.29,2.33,97.67,2.71,3.5,,,,,
08/30/2022,2.29,0.01,2.28,2.29,2.33,97.67,2.67,3.5,,,,,
08/31/2022,2.29,0,2.29,2.29,2.33,97.67,2.58,3.5,,,,,
09/01/2022,2.29,0,2.29,2.29,2.33,97.46,2.52,3.5,,,,,
09/02/2022,2.29,0,2.29,2.29,2.33,97.47,2.55,3.7,,,,,
09/06/2022,2.29,0,2.29,2.28,2.33,97.46,2.56,3.7,,,,,
09/07/2022,2.28,-0.01,2.29,2.28,2.33,97.46,2.51,3.7,,,,,
09/08/2022,2.28,0,2.28,2.28,2.33,97.45,2.46,3.7,,,,,
09/09/2022,2.28,0,2.28,2.28,2.33,97.45,2.51,3.7,,,,,
09/12/2022,2.28,0,2.28,2.28,2.33,97.45,2.52,3.7,,,,,
09/13/2022,2.28,0,2.28,2.27,2.33,97.42,2.56,3.7,,,,,
09/14/2022,2.27,-0.01,2.28,2.28,2.33,97.43,2.62,3.7,,,,,
09/15/2022,2.28,0.01,2.27,2.27,2.33,97.43,2.57,3.7,,,,,
09/16/2022,2.27,-0.01,2.28,2.27,2.33,97.43,2.49,3.7,,,,,
09/19/2022,2.27,0,2.27,2.26,2.33,97.43,2.44,3.7,,,,,
09/20/2022,2.26,-0.01,2.27,2.25,2.33,97.43,2.48,3.7,,,,,
09/21/2022,2.25,-0.01,2.26,2.99,2.33,97.44,2.47,3.7,,,,,
09/22/2022,2.99,0.74,2.25,2.99,3.08,97.44,2.45,3.7,,,,,
09/23/2022,2.99,0,2.99,2.99,3.08,97.44,2.38,3.7,,,,,
09/26/2022,2.99,0,2.99,2.98,3.08,97.44,2.33,3.7,,,,,
09/27/2022,2.98,-0.01,2.99,2.98,3.08,97.44,2.35,3.7,,,,,
09/28/2022,2.98,0,2.98,2.96,3.08,97.44,2.37,3.7,,,,,
09/29/2022,2.96,-0.02,2.98,2.98,3.08,97.44,2.18,3.7,,,,,
09/30/2022,2.98,0.02,2.96,3,3.08,97.44,2.14,3.7,,,,,
10/03/2022,3,0.02,2.98,3.04,3.08,96.92,2.26,3.7,,,,,
10/04/2022,3.04,0.04,3,3.04,3.08,96.92,2.28,3.7,,,,,
10/05/2022,3.04,0,3.04,3.05,3.08,96.92,2.26,3.7,,,,,
10/06/2022,3.05,0.01,3.04,3.05,3.08,96.92,2.29,3.7,,,,,
10/07/2022,3.05,0,3.05,3.05,3.08,96.92,2.36,3.5,,,,,
10/11/2022,3.05,0,3.05,3.04,3.08,96.92,2.36,3.5,,,,,
10/12/2022,3.04,-0.01,3.05,3.04,3.08,96.92,2.32,3.5,,,,,
10/13/2022,3.04,0,3.04,3.04,3.08,96.92,2.38,3.5,,,,,
10/14/2022,3.04,0,3.04,3.05,3.08,96.92,2.44,3.5,,,,,
10/17/2022,3.05,0.01,3.04,3.04,3.08,96.92,2.48,3.5,,,,,
10/18/2022,3.04,-0.01,3.05,3.04,3.08,96.92,2.42,3.5,,,,,
10/19/2022,3.04,0,3.04,3.03,3.08,96.92,2.46,3.5,,,,,
10/20/2022,3.03,-0.01,3.04,3.02,3.08,96.92,2.65,3.5,,,,,
10/21/2022,3.02,-0.01,3.03,3.01,3.08,96.92,2.69,3.5,,,,,
10/24/2022,3.01,-0.01,3.02,3.02,3.08,96.92,2.72,3.5,,,,,
10/25/2022,3.02,0.01,3.01,3.03,3.08,96.92,2.62,3.5,,,,,
10/26/2022,3.03,0.01,3.02,3.04,3.08,96.92,2.56,3.5,,,,,
10/27/2022,3.04,0.01,3.03,3.05,3.08,96.92,2.57,3.5,,,,,
10/28/2022,3.05,0.01,3.04,3.05,3.08,96.92,2.62,3.5,,,,,
10/31/2022,3.05,0,3.05,3.05,3.08,96.92,2.67,3.5,,,,,
11/01/2022,3.05,0,3.05,3.05,3.08,96.22,2.65,3.5,,,,,
11/02/2022,3.05,0,3.05,3.8,3.08,96.22,2.68,3.5,,,,,
11/03/2022,3.8,0.75,3.05,3.8,3.83,96.22,2.54,3.5,,,,,
11/04/2022,3.8,0,3.8,3.78,3.83,96.22,2.61,3.7,,,,,
11/07/2022,3.78,-0.02,3.8,3.78,3.83,96.22,2.67,3.7,,,,,
11/08/2022,3.78,0,3.78,3.78,3.83,96.22,2.61,3.7,,,,,
11/09/2022,3.78,0,3.78,3.78,3.83,96.22,2.53,3.7,,,,,
11/10/2022,3.78,0,3.78,3.79,3.83,96.22,2.47,3.7,,,,,
11/14/2022,3.79,0.01,3.78,3.8,3.83,96.22,2.42,3.7,,,,,
11/15/2022,3.8,0.01,3.79,3.81,3.83,96.22,2.4,3.7,,,,,
11/16/2022,3.81,0.01,3.8,3.8,3.83,96.22,2.35,3.7,,,,,
11/17/2022,3.8,-0.01,3.81,3.8,3.83,96.22,2.32,3.7,,,,,
11/18/2022,3.8,0,3.8,3.8,3.83,96.22,2.28,3.7,,,,,
11/21/2022,3.8,0,3.8,3.8,3.83,96.22,2.34,3.7,,,,,
11/22/2022,3.8,0,3.8,3.79,3.83,96.22,2.35,3.7,,,,,
11/23/2022,3.79,-0.01,3.8,3.8,3.83,96.22,2.33,3.7,,,,,
11/25/2022,3.8,0.01,3.79,3.8,3.83,96.22,2.34,3.7,,,,,
11/28/2022,3.8,0,3.8,3.81,3.83,96.22,2.29,3.7,,,,,
11/29/2022,3.81,0.01,3.8,3.82,3.83,96.22,2.3,3.7,,,,,
11/30/2022,3.82,0.01,3.81,3.82,3.83,96.22,2.41,3.7,,,,,
12/01/2022,3.82,0,3.82,3.81,3.83,95.88,2.45,3.7,,,,,
12/02/2022,3.81,-0.01,3.82,3.81,3.83,95.88,2.51,3.6,,,,,
12/05/2022,3.81,0,3.81,3.8,3.83,95.88,2.46,3.6,,,,,
12/06/2022,3.8,-0.01,3.81,3.8,3.83,95.88,2.38,3.6,,,,,
12/07/2022,3.8,0,3.8,3.8,3.83,95.88,2.33,3.6,,,,,
12/08/2022,3.8,0,3.8,3.8,3.83,95.89,2.36,3.6,,,,,
12/09/2022,3.8,0,3.8,3.8,3.83,95.88,2.3,3.6,,,,,
12/12/2022,3.8,0,3.8,3.8,3.83,95.88,2.35,3.6,,,,,
12/13/2022,3.8,0,3.8,3.8,3.83,95.89,2.31,3.6,,,,,
12/14/2022,3.8,0,3.8,4.32,3.83,95.89,2.25,3.6,,,,,
12/15/2022,4.32,0.52,3.8,4.32,4.33,95.89,2.21,3.6,,,,,
12/16/2022,4.32,0,4.32,4.3,4.33,95.89,2.14,3.6,,,,,
12/19/2022,4.3,-0.02,4.32,4.3,4.33,95.89,2.19,3.6,,,,,
12/20/2022,4.3,0,4.3,4.3,4.33,95.9,2.26,3.6,,,,,
12/21/2022,4.3,0,4.3,4.3,4.33,95.89,2.31,3.6,,,,,
12/22/2022,4.3,0,4.3,4.3,4.33,95.89,2.24,3.6,,,,,
12/23/2022,4.3,0,4.3,4.3,4.33,95.89,2.29,3.6,,,,,
12/27/2022,4.3,0,4.3,4.3,4.33,95.89,2.33,3.6,,,,,
12/28/2022,4.3,0,4.3,4.3,4.33,95.89,2.33,3.6,,,,,
12/29/2022,4.3,0,4.3,4.3,4.33,95.9,2.32,3.6,,,,,
12/30/2022,4.3,0,4.3,4.31,4.33,95.9,2.33,3.6,,,,,
01/03/2023,4.31,0.01,4.3,4.3,4.33,95.67,2.29,3.6,,,,,
01/04/2023,4.3,-0.01,4.31,4.31,4.33,95.67,2.21,3.6,,,,,
01/05/2023,4.31,0.01,4.3,4.31,4.33,95.67,2.22,3.6,,,,,
01/06/2023,4.31,0,4.31,4.31,4.33,95.67,2.18,3.5,,,,,
01/09/2023,4.31,0,4.31,4.31,4.33,95.67,2.18,3.5,,,,,
01/10/2023,4.31,0,4.31,4.3,4.33,95.67,2.2,3.5,,,,,
01/11/2023,4.3,-0.01,4.31,4.3,4.33,95.67,2.21,3.5,,,,,
01/12/2023,4.3,0,4.3,4.3,4.33,95.67,2.21,3.5,,,,,
01/13/2023,4.3,0,4.3,4.31,4.33,95.67,2.2,3.5,,,,,
01/17/2023,4.31,0.01,4.3,4.3,4.33,95.67,2.18,3.5,,,,,
01/18/2023,4.3,-0.01,4.31,4.31,4.33,95.67,2.09,3.5,,,,,
01/19/2023,4.31,0.01,4.3,4.3,4.33,95.67,2.21,3.5,,,,,
01/20/2023,4.3,-0.01,4.31,4.3,4.33,95.67,2.23,3.5,,,,,
01/23/2023,4.3,0,4.3,4.3,4.33,95.67,2.28,3.5,,,,,
01/24/2023,4.3,0,4.3,4.31,4.33,95.67,2.29,3.5,,,,,
01/25/2023,4.31,0.01,4.3,4.3,4.33,95.67,2.28,3.5,,,,,
01/26/2023,4.3,-0.01,4.31,4.3,4.33,95.67,2.32,3.5,,,,,
01/27/2023,4.3,0,4.3,4.3,4.33,95.67,2.33,3.5,,,,,
01/30/2023,4.3,0,4.3,4.31,4.33,95.67,2.3,3.5,,,,,
01/31/2023,4.31,0.01,4.3,4.31,4.33,95.668,2.27,3.5,,,,,
02/01/2023,4.31,0,4.31,4.56,4.33,95.427,2.29,3.5,,,,,
02/02/2023,4.56,0.25,4.31,4.55,4.58,95.427,2.26,3.5,,,,,
02/03/2023,4.55,-0.01,4.56,4.55,4.58,95.427,2.27,3.4,,,,,
02/06/2023,4.55,0,4.55,4.55,4.58,95.425,2.33,3.4,,,,,
02/07/2023,4.55,0,4.55,4.55,4.58,95.43,2.4,3.4,,,,,
02/08/2023,4.55,0,4.55,4.55,4.58,95.43,2.46,3.4,,,,,
02/09/2023,4.55,0,4.55,4.55,4.57,95.427,2.45,3.4,,,,,
02/10/2023,4.55,0,4.55,4.55,4.58,95.43,2.47,3.4,,,,,
02/13/2023,4.55,0,4.55,4.55,4.58,95.43,2.44,3.4,,,,,
02/14/2023,4.55,0,4.55,4.55,4.58,95.427,2.45,3.4,,,,,
02/15/2023,4.55,0,4.55,4.55,4.58,95.427,2.51,3.4,,,,,
02/16/2023,4.55,0,4.55,4.55,4.58,95.427,2.52,3.4,,,,,
02/17/2023,4.55,0,4.55,4.55,4.58,95.427,2.5,3.4,,,,,
02/21/2023,4.55,0,4.55,4.55,4.58,95.427,2.58,3.4,,,,,
02/22/2023,4.55,0,4.55,4.55,4.58,95.427,2.52,3.4,,,,,
02/23/2023,4.55,0,4.55,4.55,4.58,95.427,2.5,3.4,,,,,
02/24/2023,4.55,0,4.55,4.55,4.58,95.43,2.47,3.4,,,,,
02/27/2023,4.55,0,4.55,4.55,4.57,95.427,2.49,3.4,,,,,
02/28/2023,4.55,0,4.55,4.55,4.57,95.427,2.58,3.4,,,,,
03/01/2023,4.55,0,4.55,4.55,4.58,95.335,2.59,3.4,,,,,
03/02/2023,4.55,0,4.55,4.55,4.57,95.332,2.65,3.4,,,,,
03/03/2023,4.55,0,4.55,4.55,4.57,95.332,2.71,3.4,,,,,
03/06/2023,4.55,0,4.55,4.55,4.57,95.332,2.7,3.6,,,,,
03/07/2023,4.55,0,4.55,4.55,4.57,95.308,2.54,3.6,,,,,
03/08/2023,4.55,0,4.55,4.55,4.57,95.298,2.47,3.6,,,,,
03/09/2023,4.55,0,4.55,4.55,4.57,95.305,2.43,3.6,,,,,
03/10/2023,4.55,0,4.55,4.55,4.57,95.338,2.34,3.6,,,,,
03/13/2023,4.55,0,4.55,4.55,4.58,95.395,2.26,3.6,,,,,
03/14/2023,4.55,0,4.55,4.58,4.58,95.363,2.35,3.6,,,,,
03/15/2023,4.58,0.03,4.55,4.57,4.58,95.382,2.33,3.6,,,,,
03/16/2023,4.57,-0.01,4.58,4.55,4.58,95.365,2.26,3.6,,,,,
03/17/2023,4.55,-0.02,4.57,4.55,4.58,95.375,2.1,3.6,,,,,
03/20/2023,4.55,0,4.55,4.55,4.58,95.37,2.14,3.6,,,,,
03/21/2023,4.55,0,4.55,4.55,4.58,95.365,2.25,3.6,,,,,
03/22/2023,4.55,0,4.55,4.8,4.58,95.353,2.31,3.6,,,,,
03/23/2023,4.8,0.25,4.55,4.8,4.83,95.353,2.26,3.6,,,,,
03/24/2023,4.8,0,4.8,4.81,4.83,95.353,2.21,3.6,,,,,
03/27/2023,4.81,0.01,4.8,4.84,4.83,95.35,2.27,3.6,,,,,
03/28/2023,4.84,0.03,4.81,4.83,4.83,95.35,2.34,3.6,,,,,
03/29/2023,4.83,-0.01,4.84,4.82,4.83,95.35,2.38,3.6,,,,,
03/30/2023,4.82,-0.01,4.83,4.87,4.83,95.35,2.4,3.6,,,,,
03/31/2023,4.87,0.05,4.82,4.84,4.83,95.185,2.4,3.6,,,,,
04/03/2023,4.84,-0.03,4.87,4.83,4.83,95.185,2.39,3.6,,,,,
04/04/2023,4.83,-0.01,4.84,4.81,4.83,95.183,2.32,3.6,,,,,
04/05/2023,4.81,-0.02,4.83,4.81,4.83,95.185,2.29,3.6,,,,,
04/06/2023,4.81,0,4.81,4.81,4.83,95.18,2.31,3.6,,,,,
04/10/2023,4.81,0,4.81,4.8,4.83,95.173,2.34,3.5,,,,,
04/11/2023,4.8,-0.01,4.81,4.8,4.83,95.173,2.36,3.5,,,,,
04/12/2023,4.8,0,4.8,4.8,4.83,95.173,2.29,3.5,,,,,
04/13/2023,4.8,0,4.8,4.8,4.83,95.173,2.29,3.5,,,,,
04/14/2023,4.8,0,4.8,4.8,4.83,95.17,2.31,3.5,,,,,
04/17/2023,4.8,0,4.8,4.8,4.83,95.17,2.35,3.5,,,,,
04/18/2023,4.8,0,4.8,4.8,4.83,95.17,2.33,3.5,,,,,
04/19/2023,4.8,0,4.8,4.8,4.83,95.17,2.33,3.5,,,,,
04/20/2023,4.8,0,4.8,4.8,4.83,95.17,2.28,3.5,,,,,
04/21/2023,4.8,0,4.8,4.8,4.83,95.17,2.3,3.5,,,,,
04/24/2023,4.8,0,4.8,4.8,4.83,95.17,2.33,3.5,,,,,
04/25/2023,4.8,0,4.8,4.8,4.83,95.17,2.26,3.5,,,,,
04/26/2023,4.8,0,4.8,4.81,4.83,95.173,2.26,3.5,,,,,
04/27/2023,4.81,0.01,4.8,4.81,4.83,95.17,2.29,3.5,,,,,
04/28/2023,4.81,0,4.81,4.81,4.83,94.98,2.2,3.5,,,,,
05/01/2023,4.81,0,4.81,4.81,4.83,94.957,2.24,3.5,,,,,
05/02/2023,4.81,0,4.81,4.81,4.83,94.978,2.18,3.5,,,,,
05/03/2023,4.81,0,4.81,5.06,4.83,94.952,2.19,3.5,,,,,
05/04/2023,5.06,0.25,4.81,5.06,5.08,94.963,2.13,3.5,,,,,
05/05/2023,5.06,0,5.06,5.06,5.08,94.955,2.19,3.5,,,,,